timestamp,Temp_BMP280,Press_BMP280,Temp_BMP388,Press_BMP388,Tensao_ADC,Raw_ADC,Velocidade_Vento,Direcao_Graus,Direcao_Texto,pm25,pm10,part25,part10,aqi,formaldehyde,temperature,humidity,co2eq,voc,lat,lon,alt,sats,sog,cog
2025-07-24T13:25:18.326810+01:00,23.97782448484213,1003.3442392978006,23.50928566418588,1003.3428369052021,-0.0001250038148136845,-1,0.0,355,Norte,99999.0,99999.0,99999.0,99999.0,99999.0,99999.0,99999.0,99999.0,99999.0,99999.0,99999.0,99999.0,99999.0,99999,99999.0,99999.0
2025-07-24T13:26:19.645885+01:00,24.295786084519932,1003.3760840739666,23.53178664809093,1003.2549982161231,0.0,0,0.0,355,Norte,99999.0,99999.0,99999.0,99999.0,99999.0,99999.0,99999.0,99999.0,99999.0,99999.0,99999.0,99999.0,99999.0,99999,99999.0,99999.0
2025-07-24T13:27:20.947849+01:00,24.350435854517855,1003.3351455747787,23.563287829980254,1003.268064594987,0.0,0,0.0,355,Norte,99999.0,99999.0,99999.0,99999.0,99999.0,99999.0,99999.0,99999.0,99999.0,99999.0,99999.0,99999.0,99999.0,99999,99999.0,99999.0
2025-07-24T13:28:22.239478+01:00,24.390181163907982,1003.290840445768,23.58578853448853,1003.2302253598526,0.0,0,0.0,355,Norte,99999.0,99999.0,99999.0,99999.0,99999.0,99999.0,99999.0,99999.0,99999.0,99999.0,99999.0,99999.0,99999.0,99999,99999.0,99999.0
2025-07-24T13:29:23.535889+01:00,24.459735500160605,1003.2731772061455,23.612789226230234,1003.222828113637,-0.0001250038148136845,-1,0.0,355,Norte,99999.0,99999.0,99999.0,99999.0,99999.0,99999.0,99999.0,99999.0,99999.0,99999.0,99999.0,99999.0,99999.0,99999,99999.0,99999.0
2025-07-24T13:30:24.820528+01:00,24.49451268967823,1003.2144176455706,23.648789887782186,1003.1962744666317,-0.0001250038148136845,-1,0.0,355,Norte,99999.0,99999.0,99999.0,99999.0,99999.0,99999.0,99999.0,99999.0,99999.0,99999.0,99999.0,99999.0,99999.0,99999,99999.0,99999.0
2025-07-24T13:31:26.102803+01:00,24.519353548064828,1003.2266394185378,23.68029022216797,1003.2093011558145,0.0,0,0.0,355,Norte,99999.0,99999.0,99999.0,99999.0,99999.0,99999.0,99999.0,99999.0,99999.0,99999.0,99999.0,99999.0,99999.0,99999,99999.0,99999.0
2025-07-24T13:32:27.387704+01:00,24.559098936617374,1003.2288839254704,23.698290310800076,1003.1309629741093,0.0,0,0.0,355,Norte,99999.0,99999.0,99999.0,99999.0,99999.0,99999.0,99999.0,99999.0,99999.0,99999.0,99999.0,99999.0,99999.0,99999,99999.0,99999.0
2025-07-24T13:33:28.690337+01:00,24.60381252100342,1003.2056056462695,23.716290324926376,1003.1226702085534,-0.0001250038148136845,-1,0.0,355,Norte,99999.0,99999.0,99999.0,99999.0,99999.0,99999.0,99999.0,99999.0,99999.0,99999.0,99999.0,99999.0,99999.0,99999,99999.0,99999.0
2025-07-24T13:34:29.991962+01:00,24.61871705437079,1003.1823103257216,23.75229012966156,1003.0960639916407,-0.0001250038148136845,-1,0.0,355,Norte,99999.0,99999.0,99999.0,99999.0,99999.0,99999.0,99999.0,99999.0,99999.0,99999.0,99999.0,99999.0,99999.0,99999,99999.0,99999.0
2025-07-24T13:35:31.277438+01:00,24.653494309080997,1003.1701109962993,23.78828963637352,1003.0794493942001,-0.0001250038148136845,-1,0.0,355,Norte,99999.0,99999.0,99999.0,99999.0,99999.0,99999.0,99999.0,99999.0,99999.0,99999.0,99999.0,99999.0,99999.0,99999,99999.0,99999.0
2025-07-24T13:36:32.572204+01:00,24.678335214033723,1003.1956332235181,23.81528907082975,1003.1220320347451,-0.0001250038148136845,-1,0.0,355,Norte,99999.0,99999.0,99999.0,99999.0,99999.0,99999.0,99999.0,99999.0,99999.0,99999.0,99999.0,99999.0,99999.0,99999,99999.0,99999.0
2025-07-24T13:37:33.862863+01:00,24.708144309581257,1003.1956320054504,23.83328860066831,1003.1237248816642,-0.0001250038148136845,-1,0.0,355,Norte,99999.0,99999.0,99999.0,99999.0,99999.0,99999.0,99999.0,99999.0,99999.0,99999.0,99999.0,99999.0,99999.0,99999,99999.0,99999.0
2025-07-24T13:38:35.161849+01:00,24.752857972547645,1003.165659866854,23.891786558087915,1003.1091809468917,0.0,0,0.0,355,Norte,99999.0,99999.0,99999.0,99999.0,99999.0,99999.0,99999.0,99999.0,99999.0,99999.0,99999.0,99999.0,99999.0,99999,99999.0,99999.0
2025-07-24T13:39:36.447668+01:00,24.782667094288627,1003.1789657319222,23.88728674314916,1003.0887382054824,-0.0001250038148136845,-1,0.0,355,Norte,99999.0,99999.0,99999.0,99999.0,99999.0,99999.0,99999.0,99999.0,99999.0,99999.0,99999.0,99999.0,99999.0,99999,99999.0,99999.0
2025-07-24T13:40:37.730351+01:00,24.802539847936714,1003.1833955853543,23.91428556293249,1003.1313018644485,-0.0001250038148136845,-1,0.0,355,Norte,99999.0,99999.0,99999.0,99999.0,99999.0,99999.0,99999.0,99999.0,99999.0,99999.0,99999.0,99999.0,99999.0,99999,99999.0,99999.0
2025-07-24T13:41:39.012168+01:00,24.857189944479614,1003.1955706602414,23.92328513227403,1003.0820791112114,0.0,0,0.0,355,Norte,99999.0,99999.0,99999.0,99999.0,99999.0,99999.0,99999.0,99999.0,99999.0,99999.0,99999.0,99999.0,99999.0,99999,99999.0,99999.0
2025-07-24T13:42:40.284508+01:00,24.857189944479614,1003.1955706602414,23.945783974137157,1003.1943059171583,0.0,0,0.0,355,Norte,99999.0,99999.0,99999.0,99999.0,99999.0,99999.0,99999.0,99999.0,99999.0,99999.0,99999.0,99999.0,99999.0,99999,99999.0,99999.0
2025-07-24T13:47:06.869126+01:00,25.006235841312446,1003.1820948405227,24.134769649710506,1003.0414081264156,-0.0001250038148136845,-1,0.0,355,Norte,5.0,5.0,0.0,0.0,20.83,0.042,25.07,48.42,400.0,0.0,999999999.0,999999999.0,999999999.0,999999999,999999999.0,999999999.0
2025-07-24T13:47:23.998329+01:00,25.001267640531296,1003.1476858061782,24.130270086228848,1003.0109509037195,-0.0001250038148136845,-1,0.0,355,Norte,99999.0,99999.0,99999.0,99999.0,99999.0,99999.0,99999.0,99999.0,99999.0,99999.0,99999.0,99999.0,99999.0,99999,99999.0,99999.0
2025-07-24T13:48:25.316251+01:00,25.01617224374786,1003.1509952166733,24.134769649710506,1003.0414081264156,0.0,0,0.0,355,Norte,5.0,6.0,0.0,0.0,20.83,0.01,25.12,47.98,400.0,0.0,999999999.0,999999999.0,999999999.0,999999999,999999999.0,999999999.0
2025-07-24T13:49:26.630803+01:00,25.045981458039023,1003.1442885930271,24.130270086228848,1003.0109509037195,-0.0001250038148136845,-1,0.0,355,Norte,5.0,5.0,0.0,0.0,20.83,0.006,25.18,47.9,400.0,0.0,999999999.0,999999999.0,999999999.0,999999999,999999999.0,999999999.0
2025-07-24T13:50:27.965227+01:00,25.075790682807565,1003.2041965236277,24.175265511497855,1003.0550886779251,-0.0001250038148136845,-1,0.0,355,Norte,4.0,4.0,0.0,0.0,16.67,0.004,25.2,47.85,401.0,0.0,999999999.0,999999999.0,999999999.0,999999999,999999999.0,999999999.0
2025-07-24T13:52:07.104110+01:00,25.075790682807565,1003.197534630681,24.184264540672302,1003.0859532050358,-0.0001250038148136845,-1,0.0,355,Norte,4.0,4.0,0.0,0.0,16.67,0.006,25.22,47.65,412.0,0.0,999999999.0,999999999.0,999999999.0,999999999,999999999.0,999999999.0
2025-07-24T13:53:08.395106+01:00,25.095663505140692,1003.1286599279052,24.21576099609956,1003.068754209517,0.0,0,0.0,355,Norte,5.0,5.0,0.0,0.0,20.83,0.007,25.23,47.42,404.0,0.0,999999999.0,999999999.0,999999999.0,999999999,999999999.0,999999999.0
2025-07-24T13:54:09.698629+01:00,25.115536332130432,1003.0997531508817,24.229259407147765,1003.1000219363253,-0.0001250038148136845,-1,0.0,355,Norte,5.0,5.0,0.0,0.0,20.83,0.0058,25.25,47.34,407.0,0.0,999999999.0,999999999.0,999999999.0,999999999,999999999.0,999999999.0
2025-07-24T13:55:11.000198+01:00,25.165218419977464,1003.1107562267176,24.256256103515625,1003.002252639425,-0.0001250038148136845,-1,0.0,321,Noroeste,5.0,6.0,0.0,0.0,20.83,0.0036,25.3,47.35,400.0,0.0,999999999.0,999999999.0,999999999.0,999999999,999999999.0,999999999.0
2025-07-24T13:56:12.298156+01:00,25.408661071123788,1003.1578826340411,24.409234216436744,1003.015798563566,-0.0001250038148136845,-1,0.0,193,Sul-Sudoeste,4.0,4.0,0.0,0.0,16.67,0.006,25.3,47.14,400.0,0.01,999999999.0,999999999.0,999999999.0,999999999,999999999.0,999999999.0
2025-07-24T13:57:13.593769+01:00,26.089310558978468,1003.100338836922,25.138056002557278,1003.0068041137908,-0.0001250038148136845,-1,0.0,85,Este,5.0,7.0,0.0,0.0,20.83,0.008,25.61,47.93,400.0,0.01,999999999.0,999999999.0,999999999.0,999999999,999999999.0,999999999.0
2025-07-24T13:58:14.910078+01:00,26.735187386744656,1003.2069191996419,25.803786367177963,1003.0177400644992,-0.0001250038148136845,-1,0.0,129,Sudeste,5.0,5.0,0.0,0.0,20.83,0.0256,26.23,45.95,400.0,0.0,999999999.0,999999999.0,999999999.0,999999999,999999999.0,999999999.0
2025-07-24T13:59:16.216482+01:00,27.286670724774012,1003.0043848965986,26.276033220347017,1003.0512402364274,-0.0001250038148136845,-1,0.0,67,Este-Nordeste,5.0,5.0,0.0,0.0,20.83,0.0316,26.91,44.64,400.0,0.02,999999999.0,999999999.0,999999999.0,999999999,999999999.0,999999999.0
2025-07-24T14:00:17.525771+01:00,26.983602860942483,1003.1267220878622,25.920728465542197,1003.0765153947627,0.0,0,0.0,298,Oeste-Noroeste,4.0,5.0,0.0,0.0,16.67,0.0326,27.2,44.88,400.0,0.05,999999999.0,999999999.0,999999999.0,999999999,999999999.0,999999999.0
2025-07-24T14:01:18.853574+01:00,26.541423821967328,1003.1049950103868,25.605877183377743,1003.0934483761725,-0.0001250038148136845,-1,0.0,298,Oeste-Noroeste,5.0,7.0,0.0,0.0,20.83,0.0236,27.2,44.25,400.0,0.05,999999999.0,999999999.0,999999999.0,999999999,999999999.0,999999999.0
2025-07-24T14:03:41.194797+01:00,26.158866288722493,1003.1421753890728,25.317993186414242,1003.0411539409042,-0.0001250038148136845,-1,0.0,298,Oeste-Noroeste,99999.0,99999.0,99999.0,99999.0,99999.0,99999.0,99999.0,99999.0,99999.0,99999.0,99999.0,99999.0,99999.0,99999,99999.0,99999.0
2025-07-24T14:04:42.525936+01:00,26.526518950704485,1003.1151271649538,25.763305676635355,1003.0750645801188,-0.0001250038148136845,-1,0.0,128,Sudeste,4.0,4.0,0.0,0.0,16.67,0.0062,26.7,45.0,448.0,0.01,41.17796,-8.606072,106.7,8,0.0,261.81
2025-07-24T14:05:43.814243+01:00,26.963729596231133,1003.2160001696673,26.415448665618896,1003.1110146735442,-0.0001250038148136845,-1,0.0,99,Este,5.0,5.0,0.0,0.0,20.83,0.0218,26.8,44.57,405.0,0.01,41.177872,-8.606092,109.4,9,0.0,261.81
2025-07-24T14:06:45.115211+01:00,27.520182768348604,1003.1811130951772,27.071990272030234,1003.2033311091582,-0.0001250038148136845,-1,0.0,113,Este-Sudeste,5.0,5.0,0.0,0.0,20.83,0.0248,27.05,44.04,400.0,0.01,41.177842,-8.606127,114.2,9,0.0,261.81
2025-07-24T14:07:46.421344+01:00,27.61458143652999,1003.1142096791481,27.076486790087074,1003.1129051362796,0.0,0,0.0,115,Este-Sudeste,5.0,5.0,0.0,0.0,20.83,0.028,27.27,43.83,400.0,0.04,41.177846,-8.606134,116.2,9,0.0,261.81
2025-07-24T14:08:47.727102+01:00,28.205817590118386,1003.1251523604693,27.9981746673584,1003.1440283333436,0.0,0,0.0,269,Oeste,7.0,7.0,0.0,0.0,29.17,0.026,27.67,43.4,402.0,0.03,41.177857,-8.606125,114.79,9,0.0,261.81
2025-07-24T14:09:49.035083+01:00,28.414490157738328,1003.1755474119444,28.083589488174766,1003.1483408902573,0.0,0,0.0,114,Este-Sudeste,4.0,4.0,0.0,0.0,16.67,0.021,28.0,42.59,400.0,0.03,41.177872,-8.606127,114.79,9,0.0,261.81
2025-07-24T14:10:50.336835+01:00,28.722531553008594,1003.1660802226658,28.384775703772902,1003.082114375999,0.0,0,0.0,326,Noroeste,2.0,2.0,0.0,0.0,8.33,0.0232,28.27,42.17,402.0,0.02,41.177873,-8.606128,114.4,9,0.0,261.81
2025-07-24T14:11:51.638891+01:00,28.652973720803857,1003.1650118749988,28.40275630913675,1003.153690157942,-0.0001250038148136845,-1,0.0,270,Oeste,1.0,2.0,0.0,0.0,4.17,0.0224,28.48,41.69,400.0,0.01,41.177864,-8.606136,113.79,9,0.0,261.81
2025-07-24T14:12:52.945851+01:00,28.77718417547294,1003.1573337221139,28.645487189292908,1003.1445205448331,-0.0001250038148136845,-1,0.0,102,Este-Sudeste,6.0,6.0,0.0,0.0,25.0,0.012,28.46,42.17,400.0,0.01,41.177857,-8.606141,113.0,9,0.0,261.81
2025-07-24T14:13:54.252799+01:00,28.876552670175442,1003.191351014495,28.694930703844875,1003.1466955829667,-0.0001250038148136845,-1,0.0,123,Este-Sudeste,6.0,7.0,0.0,0.0,25.0,0.0102,28.61,41.82,429.0,0.05,41.177847,-8.606125,113.0,9,0.0,261.81
2025-07-24T14:14:55.557576+01:00,28.951079117599875,1003.179981971208,28.771342299878597,1003.1601205205538,-0.0001250038148136845,-1,0.0,86,Este,5.0,5.0,0.0,0.0,20.83,0.006,28.66,41.66,400.0,0.03,41.177856,-8.606111,111.4,10,0.0,261.81
2025-07-24T14:15:56.864373+01:00,28.901394812040962,1003.1696931585998,28.676951309200376,1003.1054643309402,0.0,0,0.0,119,Este-Sudeste,6.0,6.0,0.0,0.0,25.0,0.0058,28.7,41.47,400.0,0.02,41.17787,-8.606115,111.2,9,0.0,261.81
2025-07-24T14:16:58.171160+01:00,28.961015982204117,1003.1083139114223,28.748868440743536,1003.149039792309,-0.0001250038148136845,-1,0.0,106,Este-Sudeste,4.0,5.0,0.0,0.0,16.67,0.0016,28.68,41.84,409.0,0.04,41.17787,-8.606107,111.29,9,0.0,261.81
2025-07-24T14:17:59.478367+01:00,28.985858148807893,1003.0866413252143,28.793816042598337,1003.0801779334026,0.0,0,0.0,81,Este,6.0,6.0,0.0,0.0,25.0,0.002,28.62,41.85,400.0,0.04,41.177873,-8.60611,111.29,10,0.0,261.81
2025-07-24T14:19:00.787106+01:00,29.219374870532192,1003.1214069058459,29.02753606578335,1003.0594959920674,-0.0001250038148136845,-1,0.0,3,Norte,6.0,6.0,0.0,0.0,25.0,0.0018,28.69,42.04,400.0,0.0,41.177872,-8.606117,111.2,9,0.0,261.81
2025-07-24T14:20:02.094837+01:00,29.298870071419515,1003.1109384066056,29.193829184398055,1003.0761485223925,-0.0001250038148136845,-1,0.0,358,Norte,4.0,4.0,0.0,0.0,16.67,0.0018,28.74,41.79,406.0,0.04,41.177878,-8.606116,111.4,9,0.0,261.81
2025-07-24T14:21:03.400621+01:00,29.239248663769104,1003.0852668189228,29.144391355570406,1003.114717430493,-0.000250007629627369,-2,0.0,2,Norte,4.0,5.0,0.0,0.0,16.67,0.0028,28.73,42.06,400.0,0.02,41.177884,-8.606103,111.5,9,0.0,261.81
2025-07-24T14:22:04.706582+01:00,29.26905936235562,1003.0377549349688,29.06349187484011,1003.0002192821441,-0.0001250038148136845,-1,0.0,108,Este-Sudeste,5.0,6.0,0.0,0.0,20.83,0.0018,28.68,41.41,400.0,0.0,41.177886,-8.606107,112.09,11,0.0,261.81
2025-07-24T14:23:06.003661+01:00,29.517482258030213,1002.9612565155828,29.409551298245788,1003.0436993672989,-0.0001250038148136845,-1,0.0,329,Norte-Noroeste,2.0,2.0,0.0,0.0,8.33,0.0014,28.77,41.43,400.0,0.0,41.177893,-8.606091,113.5,11,0.0,19.57
2025-07-24T14:24:07.310917+01:00,29.731126530241454,1003.0719620279976,29.52190231671557,1003.1084662426133,-0.0001250038148136845,-1,0.0,94,Este,5.0,5.0,0.0,0.0,20.83,0.0016,28.96,40.93,400.0,0.03,41.177888,-8.606096,113.4,11,0.0,19.57
2025-07-24T14:25:08.600450+01:00,29.795716764987446,1003.0180101964647,29.56234797090292,1003.0693618465007,-0.000250007629627369,-2,0.0,105,Este-Sudeste,2.0,2.0,0.0,0.0,8.33,0.0014,29.11,41.04,400.0,0.04,41.177887,-8.606112,113.09,10,0.0,19.57
2025-07-24T14:26:09.902786+01:00,29.76590588130057,1003.0320743421893,29.5353842433542,1003.0582958477306,-0.00037501144444105353,-3,0.0,104,Este-Sudeste,5.0,9.0,0.0,0.0,20.83,0.0018,29.19,40.73,401.0,0.05,41.177887,-8.606119,113.09,9,0.0,19.57
2025-07-24T14:27:11.180169+01:00,29.84043311016285,1002.9801261936382,29.69716409407556,1003.003013387101,-0.00037501144444105353,-3,0.0,103,Este-Sudeste,4.0,4.0,0.0,0.0,16.67,0.0016,29.23,40.62,400.0,0.02,41.177897,-8.606115,113.5,12,0.0,19.57
2025-07-24T14:28:12.479697+01:00,29.92489738203585,1003.0509791163369,29.733114352449775,1002.9636660040719,-0.0008750267036957915,-7,0.0,88,Este,5.0,5.0,0.0,0.0,20.83,0.0016,29.24,40.62,400.0,0.03,41.1779,-8.606112,113.4,12,0.0,19.57
2025-07-24T14:29:13.782736+01:00,29.949739830946783,1002.9888969029953,29.737608113791794,1002.95367984666,-0.001000030518509476,-8,0.0,99,Este,4.0,4.0,0.0,0.0,16.67,0.0012,29.32,40.5,400.0,0.03,41.177904,-8.606136,112.9,11,0.0,19.57
2025-07-24T14:30:15.086516+01:00,29.909991916181752,1002.9271348664056,29.589311530813575,1002.9284759363037,-0.0008750267036957915,-7,0.0,114,Este-Sudeste,5.0,6.0,0.0,0.0,20.83,0.0012,29.26,40.24,400.0,0.01,41.177906,-8.606119,112.2,12,0.0,19.57
2025-07-24T14:31:16.392689+01:00,29.825527659151703,1002.9435402302655,29.598299346864223,1002.8477426986815,-0.0007500228888821071,-6,0.0,122,Este-Sudeste,4.0,4.0,0.0,0.0,16.67,0.0012,29.16,40.65,400.0,0.03,41.177906,-8.606127,111.79,12,0.0,19.57
2025-07-24T14:32:17.693946+01:00,29.567166924476624,1002.877492155212,29.409551298245788,1003.0234474012932,-0.0007500228888821071,-6,0.0,360,Norte,5.0,5.0,0.0,0.0,20.83,0.001,28.86,40.92,400.0,0.01,41.1779,-8.606132,111.7,11,0.0,19.57
2025-07-24T14:33:19.000600+01:00,29.616851620026864,1002.994975233488,29.50842034816742,1003.0067113868749,-0.0007500228888821071,-6,0.0,28,Norte-Nordeste,4.0,5.0,0.0,0.0,16.67,0.001,28.75,41.09,400.0,0.0,41.1779,-8.606139,110.0,12,0.0,19.57
2025-07-24T14:34:20.299041+01:00,29.875212506041862,1002.9603461865019,29.760076850652695,1002.9645425796772,-0.0007500228888821071,-6,0.0,110,Este-Sudeste,5.0,6.0,0.0,0.0,20.83,0.001,28.74,41.33,400.0,0.01,41.177897,-8.606144,109.5,12,0.0,19.57
2025-07-24T14:35:21.601734+01:00,30.09879467720748,1002.8915255990796,30.110574072226882,1002.904276008408,-0.0007500228888821071,-6,0.0,104,Este-Sudeste,6.0,6.0,0.0,0.0,25.0,0.0012,28.98,40.84,400.0,0.02,41.177893,-8.606128,107.59,13,0.0,19.57
2025-07-24T14:36:22.899681+01:00,30.223007249180228,1002.8964575967367,30.07912035053596,1002.9236499603209,-0.0013750419629505295,-11,0.0,118,Este-Sudeste,5.0,5.0,0.0,0.0,20.83,0.0012,29.15,40.42,400.0,0.01,41.177895,-8.606126,107.79,12,0.0,19.57
2025-07-24T14:37:24.196456+01:00,30.28262934833765,1002.8950418005245,30.10158731788397,1002.9040182630722,-0.0016250495925778986,-13,0.0,126,Sudeste,5.0,5.0,0.0,0.0,20.83,0.0014,29.21,40.1,400.0,0.01,41.17789,-8.606146,107.2,12,0.0,19.57
2025-07-24T14:38:25.502326+01:00,30.262755310628563,1002.9313326637936,29.94880964420736,1002.8792355396695,-0.001750053407391583,-14,0.0,137,Sudeste,7.0,10.0,0.0,0.0,29.17,0.001,29.27,39.99,400.0,0.0,41.177887,-8.606137,107.09,12,0.0,19.57
2025-07-24T14:39:26.809155+01:00,30.491307025426067,1002.9302760835704,30.200440591201186,1002.9270926020612,-0.002000061037018952,-16,0.0,105,Este-Sudeste,10.0,10.0,0.0,0.0,41.67,0.001,29.44,39.97,400.0,0.03,41.177889,-8.606149,107.09,13,0.0,19.57
2025-07-24T14:40:28.116609+01:00,30.595646056492114,1002.9310354883743,30.335236877202988,1002.8800148671448,-0.002000061037018952,-16,0.0,127,Sudeste,6.0,6.0,0.0,0.0,25.0,0.0012,29.63,39.54,400.0,0.04,41.177886,-8.606152,106.9,13,0.0,19.57
2025-07-24T14:41:29.422570+01:00,30.814261585386703,1002.9276786975844,30.595831146463752,1002.9169635538808,-0.0015000457777642141,-12,0.0,97,Este,6.0,6.0,0.0,0.0,25.0,0.0014,29.77,39.03,400.0,0.03,41.17789,-8.606188,110.9,13,1.67,19.57
2025-07-24T14:42:30.719485+01:00,30.719859356060624,1002.9088388128324,30.294798431452364,1002.9398101129424,-0.0006250190740684225,-5,0.0,111,Este-Sudeste,6.0,6.0,0.0,0.0,25.0,0.0012,29.89,38.77,400.0,0.0,41.177877,-8.606221,110.0,13,0.0,19.57
2025-07-24T14:43:32.025695+01:00,30.645331354491645,1002.840185169191,30.231893432792276,1002.8163874612405,-0.000500015259254738,-4,0.0,108,Este-Sudeste,4.0,5.0,0.0,0.0,16.67,0.001,29.93,39.07,433.0,0.04,41.177873,-8.606238,109.4,12,0.0,19.57
2025-07-24T14:44:33.331666+01:00,30.615520172199467,1002.8543818754132,30.272332465276122,1002.87834218501,-0.0006250190740684225,-5,0.0,136,Sudeste,4.0,6.0,0.0,0.0,16.67,0.001,29.79,39.34,423.0,0.06,41.177869,-8.606242,107.9,12,0.0,19.57
2025-07-24T14:45:34.638774+01:00,30.461495897267014,1002.843679140967,30.119560807943344,1002.772704253454,-0.0006250190740684225,-5,0.0,119,Este-Sudeste,5.0,6.0,0.0,0.0,20.83,0.0008,29.57,39.77,400.0,0.05,41.177863,-8.606245,108.4,12,0.0,19.57
2025-07-24T14:46:35.945332+01:00,30.35218851699028,1002.7948600806081,30.07912035053596,1002.8121117835221,-0.0006250190740684225,-5,0.0,104,Este-Sudeste,4.0,5.0,0.0,0.0,16.67,0.0006,29.34,40.15,400.0,0.03,41.177864,-8.606255,108.7,12,0.0,19.57
2025-07-24T14:47:37.243555+01:00,30.42174774268642,1002.8155492275971,30.10608069738373,1002.8027433351143,-0.0006250190740684225,-5,0.0,92,Este,5.0,6.0,0.0,0.0,20.83,0.0008,29.25,39.75,400.0,0.0,41.177887,-8.606288,110.2,14,0.0,19.57
2025-07-24T14:48:38.550468+01:00,30.42671626099036,1002.7963943601918,30.10158731788397,1002.8330361620498,-0.0006250190740684225,-5,0.0,109,Este-Sudeste,5.0,5.0,0.0,0.0,20.83,0.0006,29.27,39.94,400.0,0.01,41.177874,-8.6063,110.59,11,0.0,19.57
2025-07-24T14:49:39.858223+01:00,30.754639112536097,1002.814970928671,30.528437578585,1002.7935561749924,-0.0006250190740684225,-5,0.0,145,Sudeste,2.0,2.0,0.0,0.0,8.33,0.001,29.49,39.56,400.0,0.01,41.17787,-8.606298,110.79,14,0.0,19.57
2025-07-24T14:50:41.161869+01:00,30.76954472681973,1002.8112225929844,30.443070888519287,1002.781314118229,-0.0006250190740684225,-5,0.0,108,Este-Sudeste,7.0,9.0,0.0,0.0,29.17,0.001,29.64,38.85,400.0,0.03,41.177874,-8.606286,111.0,14,0.0,19.57
2025-07-24T14:51:42.467358+01:00,30.903695373242954,1002.7908827309892,30.604816876351833,1002.8156684026969,-0.000500015259254738,-4,0.0,57,Este-Nordeste,7.0,7.0,0.0,0.0,29.17,0.001,29.75,38.6,400.0,0.03,41.177886,-8.60629,111.9,14,0.0,19.57
2025-07-24T14:52:43.773432+01:00,30.928538108826615,1002.84960252995,30.568873845040798,1002.8452721748133,-0.000500015259254738,-4,0.0,102,Este-Sudeste,11.0,12.0,0.0,0.0,45.83,0.001,29.84,38.45,400.0,0.01,41.177903,-8.606338,113.7,14,0.0,19.57
2025-07-24T14:53:45.078940+01:00,30.868915555649437,1002.7974088831656,30.43408482335508,1002.7607951106777,-0.000500015259254738,-4,0.0,96,Este,7.0,7.0,0.0,0.0,29.17,0.001,29.89,38.4,400.0,0.03,41.177929,-8.606368,116.09,13,0.0,6.13
2025-07-24T14:54:46.386394+01:00,31.017972017172724,1002.8203060609522,30.604816876351833,1002.8055176821242,-0.0006250190740684225,-5,0.0,86,Este,6.0,6.0,0.0,0.0,25.0,0.001,29.94,38.45,400.0,0.02,41.177947,-8.606385,117.0,14,0.0,6.13
2025-07-24T14:55:47.692836+01:00,31.03287767773145,1002.7156842427804,30.712644182145596,1002.7978214091579,-0.0006250190740684225,-5,0.0,115,Este-Sudeste,5.0,5.0,0.0,0.0,20.83,0.0008,29.98,38.31,400.0,0.04,41.177945,-8.606389,117.79,14,0.0,6.13
2025-07-24T14:56:48.999899+01:00,30.968286500894465,1002.7432113946164,30.595831146463752,1002.8154581046772,-0.0006250190740684225,-5,0.0,120,Este-Sudeste,2.0,2.0,0.0,0.0,8.33,0.0008,29.87,38.48,400.0,0.02,41.177941,-8.606388,118.79,13,0.0,6.13
2025-07-24T14:57:50.299301+01:00,30.913632466603303,1002.7995809496348,30.53293051570654,1002.7936643498006,-0.0007500228888821071,-6,0.0,97,Este,5.0,5.0,0.0,0.0,20.83,0.0008,29.73,38.7,400.0,0.04,41.177939,-8.606389,119.79,13,0.0,6.13
2025-07-24T14:58:51.637381+01:00,31.097468903753906,1002.8158973591433,30.748586021363735,1002.7783056373244,-0.0007500228888821071,-6,0.0,108,Este-Sudeste,5.0,5.0,0.0,0.0,20.83,0.001,29.84,38.38,400.0,0.02,41.17794,-8.606388,121.09,14,0.0,6.13
2025-07-24T14:59:52.966886+01:00,31.176965864840895,1002.8383620168725,30.869887528475374,1002.8621241268846,-0.0007500228888821071,-6,0.0,115,Este-Sudeste,4.0,4.0,0.0,0.0,16.67,0.0006,29.93,38.69,400.0,0.04,41.177933,-8.606392,121.29,14,0.0,6.13
2025-07-24T15:00:54.266602+01:00,31.14218593519763,1002.8583778906753,30.766556829214096,1002.7990038656991,-0.0007500228888821071,-6,0.0,94,Este,5.0,5.0,0.0,0.0,20.83,0.0008,29.98,38.57,411.0,0.04,41.177932,-8.606389,122.0,14,0.0,6.13
2025-07-24T15:01:55.553892+01:00,31.226651503355242,1002.8078337784788,30.86090234806761,1002.7806892986395,-0.0008750267036957915,-7,0.0,111,Este-Sudeste,5.0,6.0,0.0,0.0,20.83,0.001,30.09,37.99,400.0,0.01,41.177946,-8.606239,123.4,14,0.0,58.46
2025-07-24T15:02:56.852897+01:00,31.14218593519763,1002.7642298820294,30.68568760715425,1002.6855427698174,-0.0007500228888821071,-6,0.0,93,Este,4.0,5.0,0.0,0.0,16.67,0.001,30.17,37.58,400.0,0.01,41.177926,-8.606219,123.59,13,1.28,58.46
2025-07-24T15:03:58.140832+01:00,31.027909123920836,1002.7819358534605,30.61829543625936,1002.8667373244476,-0.0006250190740684225,-5,0.0,137,Sudeste,4.0,5.0,0.0,0.0,16.67,0.0006,30.16,38.32,400.0,0.02,41.177926,-8.606221,123.0,14,0.0,58.46
2025-07-24T15:04:59.440369+01:00,31.102437461639056,1002.7698106537287,30.739600589498878,1002.7476488330753,-0.0006250190740684225,-5,0.0,158,Sul-Sudeste,5.0,5.0,0.0,0.0,20.83,0.0008,30.11,38.17,407.0,0.05,41.177871,-8.606306,112.79,14,0.0,236.21
2025-07-24T15:06:00.777325+01:00,31.206777244457044,1002.7971800741949,30.90582806384191,1002.7816064903787,-0.000500015259254738,-4,0.0,80,Este,6.0,7.0,0.0,0.0,25.0,0.0008,30.11,38.16,400.0,0.02,41.177856,-8.60632,107.0,13,0.0,236.21
2025-07-24T15:07:02.081984+01:00,31.266400035121478,1002.8022336007105,30.96423079818487,1002.8335586962475,-0.000500015259254738,-4,0.0,107,Este-Sudeste,5.0,5.0,0.0,0.0,20.83,0.0006,30.14,38.2,400.0,0.04,41.177868,-8.606301,107.59,12,0.0,236.21
2025-07-24T15:08:03.389119+01:00,31.20180868046009,1002.7894723876791,30.66322366660461,1002.7459516546002,-0.00037501144444105353,-3,0.0,152,Sul-Sudeste,2.0,5.0,0.0,0.0,8.33,0.0006,30.07,38.26,400.0,0.02,41.177881,-8.606146,100.59,12,1.13,70.23
2025-07-24T15:09:04.694686+01:00,31.137217374984175,1002.8103202815333,30.726122406776994,1002.7067408076921,-0.00037501144444105353,-3,0.0,170,Sul,4.0,4.0,0.0,0.0,16.67,0.0006,30.09,38.56,414.0,0.05,41.177878,-8.606144,103.59,12,0.0,244.49
2025-07-24T15:10:06.000441+01:00,31.25646290043369,1002.8002713073886,30.8653949405998,1002.8112503060714,-0.00037501144444105353,-3,0.0,118,Este-Sudeste,4.0,4.0,0.0,0.0,16.67,0.0006,30.02,38.39,400.0,0.02,41.17788,-8.606142,104.79,12,0.0,244.49
2025-07-24T15:11:07.307041+01:00,31.246525766910054,1002.7108715717623,30.928290747106075,1002.7617424783668,-0.00037501144444105353,-3,0.0,90,Este,2.0,5.0,0.0,0.0,8.33,0.0006,30.16,38.37,425.0,0.05,41.177905,-8.606127,105.59,13,0.0,244.49
2025-07-24T15:12:08.612984+01:00,31.117343137040734,1002.7391392290484,30.681194828357548,1002.6854426656116,-0.00037501144444105353,-3,0.0,104,Este-Sudeste,6.0,6.0,0.0,0.0,25.0,0.0006,30.04,38.52,400.0,0.02,41.17791,-8.606114,108.4,12,0.0,244.49
2025-07-24T15:13:09.920543+01:00,31.027909123920836,1002.7819358534605,30.53293051570654,1002.7023213820461,-0.00037501144444105353,-3,0.0,98,Este,4.0,4.0,0.0,0.0,16.67,0.0006,29.84,38.8,400.0,0.04,41.177895,-8.606144,110.4,12,0.0,244.49
2025-07-24T15:14:11.207646+01:00,30.829167210147716,1002.749167082062,30.384661132004112,1002.7291082849615,-0.00037501144444105353,-3,0.0,71,Este-Nordeste,1.0,1.0,0.0,0.0,4.17,0.0006,29.67,39.09,400.0,0.02,41.177895,-8.606178,109.79,12,2.02,46.88
2025-07-24T15:15:12.507083+01:00,31.027909123920836,1002.7953831811669,30.68568760715425,1002.7972189890876,-0.00037501144444105353,-3,0.0,107,Este-Sudeste,4.0,4.0,0.0,0.0,16.67,0.0006,29.52,39.3,400.0,0.0,41.177894,-8.606155,111.59,12,0.0,46.88
2025-07-24T15:16:13.812874+01:00,31.216714373324066,1002.792418605928,30.901335513219237,1002.7916725655315,-0.00037501144444105353,-3,0.0,109,Este-Sudeste,4.0,5.0,0.0,0.0,16.67,0.0006,29.7,39.04,400.0,0.02,41.177914,-8.606118,117.4,11,0.0,71.71
2025-07-24T15:17:15.100003+01:00,31.37074001962901,1002.6815447219342,30.919305687770247,1002.7310914646287,-0.00037501144444105353,-3,0.0,122,Este-Sudeste,6.0,6.0,0.0,0.0,25.0,0.0008,29.92,38.35,400.0,0.02,41.177911,-8.606113,117.2,11,0.0,71.71
2025-07-24T15:18:16.389594+01:00,31.480048712488497,1002.7030418942056,31.067556784953922,1002.7542558357601,-0.00037501144444105353,-3,0.0,100,Este,7.0,7.0,0.0,0.0,29.17,0.001,30.11,37.98,400.0,0.01,41.177918,-8.60611,119.7,11,0.0,80.71
2025-07-24T15:19:17.676696+01:00,31.499923035415122,1002.6463889488828,31.067556784953922,1002.7339352393371,-0.00037501144444105353,-3,0.0,106,Este-Sudeste,6.0,6.0,0.0,0.0,25.0,0.0006,30.23,37.98,400.0,0.04,41.17789,-8.606102,121.7,12,0.0,80.71
2025-07-24T15:20:18.976237+01:00,31.51979736299836,1002.6099171892103,31.134941970929503,1002.6843447946994,-0.00037501144444105353,-3,0.0,32,Norte-Nordeste,6.0,6.0,0.0,0.0,25.0,0.0006,30.3,38.11,443.0,0.06,41.177892,-8.606101,119.5,11,0.0,80.71
2025-07-24T15:21:20.271496+01:00,31.410488618916133,1002.6490011251645,31.031617590691894,1002.6723092956832,-0.00037501144444105353,-3,0.0,105,Este-Sudeste,6.0,7.0,0.0,0.0,25.0,0.0006,30.2,38.1,400.0,0.04,41.177891,-8.606112,119.2,12,0.0,80.71
2025-07-24T15:22:21.575882+01:00,31.40552004298661,1002.6345688681774,31.027125170454383,1002.6823847853695,-0.00037501144444105353,-3,0.0,136,Sudeste,4.0,5.0,0.0,0.0,16.67,0.0006,30.17,38.51,424.0,0.08,41.177887,-8.606105,119.4,11,0.0,80.71
2025-07-24T15:23:22.880445+01:00,31.470111552771414,1002.6001658967202,31.188849365338683,1002.6446288330495,-0.00037501144444105353,-3,0.0,77,Este-Nordeste,4.0,6.0,0.0,0.0,16.67,0.0006,30.06,38.63,400.0,0.04,41.177894,-8.606094,118.9,12,0.0,80.71
2025-07-24T15:24:24.185357+01:00,31.33099143896834,1002.5459082493319,31.094510985072702,1002.6328195822266,-0.00037501144444105353,-3,0.0,86,Este,5.0,5.0,0.0,0.0,20.83,0.0006,30.07,38.67,400.0,0.05,41.177896,-8.606093,118.29,12,0.0,80.71
2025-07-24T15:25:25.492426+01:00,31.05772045115009,1002.5861287411817,30.88336526416242,1002.6491163034798,-0.00037501144444105353,-3,0.0,86,Este,4.0,5.0,0.0,0.0,16.67,0.0006,29.8,39.13,400.0,0.03,41.1779,-8.606081,117.09,12,0.0,80.71
2025-07-24T15:26:26.800464+01:00,31.15709161758423,1002.5385297748974,30.923798219766468,1002.578821425471,-0.00037501144444105353,-3,0.0,102,Este-Sudeste,4.0,5.0,0.0,0.0,16.67,0.0004,29.68,39.46,400.0,0.03,41.1779,-8.606073,116.29,12,0.0,80.71
2025-07-24T15:27:28.106465+01:00,31.355834299698472,1002.4700721959936,31.19334161793813,1002.6243792805108,-0.00037501144444105353,-3,0.0,92,Este,4.0,5.0,0.0,0.0,16.67,0.0006,29.66,39.84,400.0,0.03,41.177906,-8.606059,116.29,11,0.0,80.71
2025-07-24T15:28:29.412885+01:00,31.360802872717613,1002.4643218704894,31.175372579600662,1002.5935863995616,-0.00037501144444105353,-3,0.0,36,Nordeste,6.0,6.0,0.0,0.0,25.0,0.0006,29.69,39.64,400.0,0.02,41.177904,-8.606064,115.9,12,0.0,80.71
2025-07-24T15:29:30.719089+01:00,31.480048712488497,1002.5281053942408,31.143926583230495,1002.603207844712,-0.00037501144444105353,-3,0.0,97,Este,5.0,5.0,0.0,0.0,20.83,0.0006,29.89,39.34,400.0,0.0,41.177893,-8.606091,115.7,12,0.0,80.71
2025-07-24T15:30:32.025313+01:00,31.65891778646619,1002.5160305904031,31.359551690518856,1002.5457160555469,-0.00037501144444105353,-3,0.0,104,Este-Sudeste,4.0,5.0,0.0,0.0,16.67,0.0006,30.14,39.22,400.0,0.04,41.177882,-8.606082,114.79,12,0.0,80.71
2025-07-24T15:31:33.313211+01:00,31.65394919598475,1002.4544883166059,31.197833865880966,1002.5126624926,-0.00037501144444105353,-3,0.0,102,Este-Sudeste,6.0,7.0,0.0,0.0,25.0,0.0006,30.27,38.6,400.0,0.02,41.177878,-8.606085,114.09,12,0.0,80.71
2025-07-24T15:32:34.612350+01:00,31.743383869179524,1002.5392606016252,31.426932336296886,1002.628047091506,-0.00037501144444105353,-3,0.0,95,Este,5.0,6.0,0.0,0.0,20.83,0.0006,30.43,38.55,401.0,0.05,41.177875,-8.606097,113.5,11,0.0,80.71
2025-07-24T15:33:35.921172+01:00,31.857661644375185,1002.4874886607699,31.503295801579952,1002.5477701902507,-0.00037501144444105353,-3,0.0,108,Este-Sudeste,4.0,4.0,0.0,0.0,16.67,0.0008,30.59,38.34,487.0,0.06,41.177862,-8.606118,113.4,11,0.0,80.71
2025-07-24T15:34:37.229750+01:00,31.83281863667071,1002.4153318653335,31.364043766167015,1002.5254506564982,-0.000250007629627369,-2,0.0,97,Este,4.0,4.0,0.0,0.0,16.67,0.0006,30.64,38.21,400.0,0.02,41.177863,-8.606127,113.79,11,0.0,80.71
2025-07-24T15:35:38.552390+01:00,31.862630246789195,1002.3672750974308,31.512279650196433,1002.4970441666624,-0.000250007629627369,-2,0.0,85,Este,4.0,4.0,0.0,0.0,16.67,0.0006,30.67,38.32,437.0,0.05,41.177858,-8.606134,114.0,10,0.0,80.71
2025-07-24T15:36:39.860942+01:00,32.05143735418096,1002.3769898487657,31.79975297115743,1002.469932786531,-0.000250007629627369,-2,0.0,146,Sudeste,5.0,6.0,0.0,0.0,20.83,0.0008,30.82,37.92,400.0,0.04,41.177851,-8.606129,114.29,11,0.0,80.71
2025-07-24T15:37:41.159654+01:00,32.06137458200101,1002.3587119719108,31.75483652204275,1002.4491090307504,-0.000250007629627369,-2,0.0,120,Este-Sudeste,5.0,5.0,0.0,0.0,20.83,0.0008,30.95,37.52,400.0,0.03,41.177847,-8.606128,114.79,12,0.0,80.71
2025-07-24T15:38:42.465744+01:00,31.817912835540483,1002.3787710789375,31.485328048467636,1002.49668047137,-0.000250007629627369,-2,0.0,116,Este-Sudeste,5.0,6.0,0.0,0.0,20.83,0.0006,30.87,37.9,428.0,0.06,41.177847,-8.606126,115.29,11,0.0,80.71
2025-07-24T15:39:43.770500+01:00,31.882504659355618,1002.3644067277316,31.561690484639257,1002.4570096061387,-0.000250007629627369,-2,0.0,116,Este-Sudeste,4.0,4.0,0.0,0.0,16.67,0.0006,30.79,37.84,425.0,0.05,41.17785,-8.606123,115.29,11,0.0,80.71
2025-07-24T15:40:45.076552+01:00,31.78313264308963,1002.3181475183445,31.49431193433702,1002.4662952587228,-0.000250007629627369,-2,0.0,123,Este-Sudeste,4.0,4.0,0.0,0.0,16.67,0.0006,30.71,37.96,436.0,0.06,41.177857,-8.606119,115.29,13,0.0,80.71
2025-07-24T15:41:46.367042+01:00,31.69369792798534,1002.3141817586029,31.373027903493494,1002.4544184143931,-0.000250007629627369,-2,0.0,91,Este,2.0,2.0,0.0,0.0,8.33,0.0006,30.51,38.55,413.0,0.03,41.177851,-8.606142,116.29,13,0.0,80.71
2025-07-24T15:42:47.667431+01:00,31.773195447865874,1002.3566005024029,31.404472237452865,1002.4853773638669,-0.000250007629627369,-2,0.0,74,Este-Nordeste,4.0,4.0,0.0,0.0,16.67,0.0006,30.51,38.38,400.0,0.01,41.177854,-8.606136,114.0,12,0.0,72.34
2025-07-24T15:43:48.973950+01:00,31.912316286936402,1002.3500015968842,31.539231084287167,1002.4567203121172,-0.000250007629627369,-2,0.0,100,Este,4.0,4.0,0.0,0.0,16.67,0.0006,30.69,38.42,430.0,0.04,41.177825,-8.606145,115.09,12,0.0,72.34
2025-07-24T15:44:50.287095+01:00,31.822881435626186,1002.4066655527938,31.453884301241487,1002.5064149825163,-0.000250007629627369,-2,0.0,109,Este-Sudeste,4.0,5.0,0.0,0.0,16.67,0.0006,30.66,38.23,409.0,0.04,41.177819,-8.606163,113.59,11,0.0,72.34
2025-07-24T15:45:51.589960+01:00,31.812944235745817,1002.4114625777637,31.516771567519754,1002.5276127442362,-0.000250007629627369,-2,0.0,44,Nordeste,5.0,5.0,0.0,0.0,20.83,0.0006,30.59,38.33,408.0,0.04,41.177833,-8.60613,113.59,12,0.0,72.34
2025-07-24T15:46:52.896715+01:00,31.83281863667071,1002.2806931708004,31.503295801579952,1002.364723282852,-0.000250007629627369,-2,0.0,105,Este-Sudeste,5.0,6.0,0.0,0.0,20.83,0.0006,30.67,38.16,423.0,0.04,41.177851,-8.606135,111.9,13,0.0,72.34
2025-07-24T15:47:54.202526+01:00,31.88747326322482,1002.2778500126815,31.440408339723945,1002.4147139678695,-0.000250007629627369,-2,0.0,92,Este,6.0,6.0,0.0,0.0,25.0,0.0006,30.64,38.28,423.0,0.05,41.177857,-8.60613,110.0,13,0.0,72.34
2025-07-24T15:48:55.499362+01:00,31.902379076578654,1002.3548038673441,31.593133449554443,1002.4167213865559,-0.000250007629627369,-2,0.0,98,Este,9.0,9.0,0.0,0.0,37.5,0.0006,30.59,38.48,453.0,0.07,41.17786,-8.606129,107.9,13,0.0,72.34
2025-07-24T15:49:56.789707+01:00,31.922253498458304,1002.2509388163297,31.620084380730987,1002.4068790682562,-0.000250007629627369,-2,0.0,96,Este,6.0,7.0,0.0,0.0,25.0,0.0006,30.5,38.61,436.0,0.05,41.177854,-8.606139,106.9,13,0.0,72.34
2025-07-24T15:50:58.089846+01:00,31.90734768161201,1002.2345805970671,31.611100755631924,1002.3660843233022,-0.000250007629627369,-2,0.0,261,Oeste,4.0,4.0,0.0,0.0,16.67,0.0006,30.52,38.36,400.0,0.04,41.177853,-8.606143,106.4,13,0.0,72.34
2025-07-24T15:51:59.394538+01:00,32.06137458200101,1002.217291701844,31.696444442030042,1002.3772503579097,-0.000250007629627369,-2,0.0,324,Noroeste,5.0,5.0,0.0,0.0,20.83,0.0006,30.5,38.85,428.0,0.05,41.177855,-8.606151,106.9,13,0.0,72.34
2025-07-24T15:53:00.694378+01:00,32.21043313900009,1002.2528237513326,31.930008040275425,1002.298164679137,-0.000250007629627369,-2,0.0,25,Norte-Nordeste,4.0,4.0,0.0,0.0,16.67,0.0006,30.71,38.22,428.0,0.05,41.177849,-8.606149,106.7,13,0.0,72.34
2025-07-24T15:54:02.000157+01:00,32.21540176207782,1002.193159328129,31.898567520081997,1002.2164682932411,-0.000250007629627369,-2,0.0,103,Este-Sudeste,2.0,4.0,0.0,0.0,8.33,0.0006,30.84,37.97,434.0,0.06,41.177849,-8.606157,106.5,13,0.0,72.34
2025-07-24T15:55:03.304608+01:00,32.2948997709027,1002.208476615098,32.04229374974966,1002.258349344418,-0.000250007629627369,-2,0.0,109,Este-Sudeste,2.0,2.0,0.0,0.0,8.33,0.0006,31.05,37.81,444.0,0.06,41.17785,-8.606184,106.59,11,0.0,72.34
2025-07-24T15:56:04.610385+01:00,32.165715544397244,1002.1566330684526,31.86712677171454,1002.2568934233482,-0.000250007629627369,-2,0.0,118,Este-Sudeste,2.0,4.0,0.0,0.0,8.33,0.0006,31.09,37.85,474.0,0.09,41.177836,-8.606203,106.79,12,0.0,72.34
2025-07-24T15:57:05.905239+01:00,32.091186272446066,1002.1961189627193,31.80424459045753,1002.2868202497907,-0.000250007629627369,-2,0.0,93,Este,2.0,2.0,0.0,0.0,8.33,0.0006,30.92,38.16,465.0,0.07,41.177828,-8.606194,108.09,11,0.0,72.34
2025-07-24T15:58:07.211956+01:00,31.90734768161201,1002.1672538373247,31.647035144269466,1002.2851336510298,-0.000250007629627369,-2,0.0,77,Este-Nordeste,5.0,5.0,0.0,0.0,20.83,0.0006,30.69,38.3,473.0,0.04,41.177841,-8.606172,108.09,12,0.0,72.34
2025-07-24T15:59:08.520383+01:00,31.822881435626186,1002.2316381116453,31.60211711190641,1002.3049476821766,-0.000250007629627369,-2,0.0,72,Este-Nordeste,5.0,5.0,0.0,0.0,20.83,0.0006,30.57,38.44,466.0,0.08,41.177853,-8.606162,108.4,12,0.0,72.34
2025-07-24T16:00:09.825758+01:00,32.15080968476832,1002.2143733572667,31.970431230962276,1002.2476112986845,-0.000250007629627369,-2,0.0,98,Este,6.0,7.0,0.0,0.0,25.0,0.0006,30.61,38.55,435.0,0.07,41.17786,-8.606153,108.4,12,0.0,72.34
2025-07-24T16:01:11.132270+01:00,32.15080968476832,1002.1133453535559,31.880601406097412,1002.1857773021977,-0.000250007629627369,-2,0.0,101,Este,9.0,9.0,0.0,0.0,37.5,0.0006,30.69,38.42,497.0,0.1,41.177853,-8.606163,108.5,12,0.0,72.34
2025-07-24T16:02:12.437692+01:00,32.02162567770574,1002.1018575729108,31.898567520081997,1002.1859360526694,-0.000250007629627369,-2,0.0,104,Este-Sudeste,5.0,6.0,0.0,0.0,20.83,0.0006,30.7,38.49,501.0,0.1,41.177857,-8.60617,109.0,11,1.03,72.34
2025-07-24T16:03:13.743592+01:00,31.952065140008926,1002.0951268736835,31.808736205101013,1002.1749335656741,-0.000250007629627369,-2,0.0,167,Sul-Sudeste,5.0,5.0,0.0,0.0,20.83,0.0006,30.68,38.49,463.0,0.09,41.177875,-8.606193,108.29,13,0.0,72.34
2025-07-24T16:04:15.020663+01:00,31.90734768161201,1002.1470558398338,31.826702617108822,1002.1852811390064,-0.000250007629627369,-2,0.0,321,Noroeste,5.0,6.0,0.0,0.0,20.83,0.0006,30.5,38.59,513.0,0.1,41.177864,-8.606213,107.5,13,0.0,72.34
2025-07-24T16:05:16.322552+01:00,31.877536055777455,1002.1614694877716,31.682969234883785,1002.2448497216403,-0.000250007629627369,-2,0.0,174,Sul,5.0,6.0,0.0,0.0,20.83,0.0006,30.31,38.81,400.0,0.04,41.177863,-8.606192,107.4,14,0.0,72.34
2025-07-24T16:06:17.627974+01:00,31.87256745249033,1002.1874343513139,31.71441131969914,1002.2248459367423,-0.000250007629627369,-2,0.0,118,Este-Sudeste,3.0,5.0,0.0,0.0,12.5,0.0006,30.24,39.11,432.0,0.05,41.17785,-8.606188,106.7,13,0.0,72.34
2025-07-24T16:07:18.907834+01:00,31.942127924994566,1002.0932019507796,31.73686981201172,1002.2556063006704,-0.000250007629627369,-2,0.0,99,Este,1.0,2.0,0.0,0.0,4.17,0.0006,30.23,39.02,416.0,0.05,41.177845,-8.606194,106.79,14,0.0,72.34
2025-07-24T16:08:20.206566+01:00,31.90734768161201,1002.0729966358676,31.727886429056525,1002.0927291462937,-0.000250007629627369,-2,0.0,93,Este,2.0,4.0,0.0,0.0,8.33,0.0006,30.23,38.97,467.0,0.07,41.177847,-8.606195,106.79,13,0.0,72.34
2025-07-24T16:09:21.494334+01:00,31.70363511389587,1002.019975521468,31.539231084287167,1002.1617906222593,-0.000250007629627369,-2,0.0,93,Este,4.0,4.0,0.0,0.0,16.67,0.0004,29.95,39.36,443.0,0.04,41.177851,-8.606185,106.5,13,0.0,72.34
2025-07-24T16:10:22.775779+01:00,31.748352464899654,1002.0421332140477,31.656018694862723,1002.2038576980542,-0.000250007629627369,-2,0.0,92,Este,4.0,4.0,0.0,0.0,16.67,0.0004,29.68,39.87,451.0,0.04,41.177853,-8.606183,106.59,12,0.23,72.34
2025-07-24T16:11:24.072892+01:00,31.758289657213027,1002.0844513940567,31.673985740169883,1002.1633676432924,-0.000250007629627369,-2,0.0,92,Este,2.0,2.0,0.0,0.0,8.33,0.0004,29.56,40.22,455.0,0.06,41.177859,-8.606154,107.4,13,0.0,72.34
2025-07-24T16:12:25.379175+01:00,31.857661644375185,1001.98930824603,31.79526134720072,1002.0832253114988,-0.000250007629627369,-2,0.0,96,Este,2.0,2.0,0.0,0.0,8.33,0.0006,29.53,40.52,455.0,0.06,41.177856,-8.606156,107.5,14,0.0,72.34
2025-07-24T16:13:26.685598+01:00,31.976908182638,1001.9787371120988,31.916533559560776,1002.0944915168386,-0.000250007629627369,-2,0.0,97,Este,5.0,5.0,0.0,0.0,20.83,0.0006,29.64,40.19,472.0,0.06,41.17784,-8.606188,108.5,13,0.0,72.34
2025-07-24T16:14:27.991637+01:00,32.06634319634759,1001.9825521235574,32.02881961828098,1002.0953668368255,-0.000250007629627369,-2,0.0,116,Este-Sudeste,2.0,2.0,0.0,0.0,8.33,0.0008,29.81,39.86,435.0,0.05,41.17784,-8.606215,108.9,13,0.0,72.34
2025-07-24T16:15:29.297639+01:00,32.36446058974252,1002.0130008304998,32.31625866657123,1002.066458721704,-0.0001250038148136845,-1,0.0,122,Este-Sudeste,2.0,2.0,0.0,0.0,8.33,0.0012,30.16,39.13,402.0,0.04,41.177845,-8.606231,106.0,14,0.0,72.34
2025-07-24T16:16:30.587235+01:00,32.27999388857279,1001.9765644220423,32.31625866657123,1002.0766447630393,-0.000250007629627369,-2,0.0,117,Este-Sudeste,6.0,6.0,0.0,0.0,25.0,0.0008,30.52,38.93,489.0,0.1,41.177827,-8.606245,107.2,14,0.0,72.34
2025-07-24T16:17:31.868125+01:00,32.101123504922725,1001.9825303923544,32.010854044463485,1002.0748760623616,-0.000250007629627369,-2,0.0,115,Este-Sudeste,4.0,5.0,0.0,0.0,16.67,0.0008,30.48,38.81,448.0,0.07,41.177834,-8.606258,107.79,12,0.0,72.34
2025-07-24T16:18:33.166759+01:00,31.708603707287693,1001.9469059273076,31.611100755631924,1002.0405976578816,-0.000250007629627369,-2,0.0,110,Este-Sudeste,4.0,4.0,0.0,0.0,16.67,0.0008,30.3,39.01,452.0,0.06,41.177837,-8.606243,107.0,13,0.0,72.34
2025-07-24T16:19:34.463070+01:00,31.60923189474852,1001.9679467358451,31.49431193433702,1002.0391952478348,-0.000250007629627369,-2,0.0,145,Sudeste,2.0,2.0,0.0,0.0,8.33,0.0006,29.94,39.33,400.0,0.02,41.177842,-8.60623,106.9,13,0.0,72.34
2025-07-24T16:20:35.768505+01:00,31.629106247943128,1001.9516288900742,31.53024729155004,1002.0599811964424,-0.000250007629627369,-2,0.0,358,Norte,2.0,2.0,0.0,0.0,8.33,0.0006,29.77,39.73,400.0,0.03,41.177845,-8.606229,105.9,13,0.0,72.34
2025-07-24T16:21:37.076199+01:00,31.60426330717746,1001.9064135256989,31.440408339723945,1002.0283328152733,-0.000250007629627369,-2,0.0,112,Este-Sudeste,2.0,2.0,0.0,0.0,8.33,0.0006,29.7,39.95,427.0,0.02,41.177858,-8.606217,104.29,14,0.97,72.34
2025-07-24T16:22:38.355400+01:00,31.49495445424691,1001.8985608873352,31.54821485839784,1002.0195196874857,-0.000250007629627369,-2,0.0,110,Este-Sudeste,4.0,4.0,0.0,0.0,16.67,0.0006,29.61,40.19,456.0,0.04,41.177833,-8.606195,104.2,14,0.0,72.34
2025-07-24T16:23:39.656696+01:00,31.46514297334943,1001.9129252457149,31.413456290960312,1002.0788115791078,-0.000250007629627369,-2,0.0,107,Este-Sudeste,4.0,4.0,0.0,0.0,16.67,0.0006,29.41,40.45,400.0,0.02,41.177827,-8.606178,102.59,11,0.0,72.34
2025-07-24T16:24:40.956446+01:00,31.75332106091082,1001.8882856278766,31.73686981201172,1001.9605589676834,-0.000250007629627369,-2,0.0,175,Sul,2.0,4.0,0.0,0.0,8.33,0.0008,29.63,39.83,401.0,0.04,41.17781,-8.606155,101.09,10,0.0,72.34
2025-07-24T16:25:42.262441+01:00,32.05143735418096,1001.784384901717,32.132120221853256,1001.9127777668261,-0.000250007629627369,-2,0.0,123,Este-Sudeste,5.0,5.0,0.0,0.0,20.83,0.0008,29.84,39.7,472.0,0.08,41.177803,-8.606189,104.5,12,1.27,72.34
2025-07-24T16:26:43.559704+01:00,31.768226850690553,1001.8642544600928,31.75483652204275,1001.8996897693975,-0.000250007629627369,-2,0.0,42,Nordeste,2.0,2.0,0.0,0.0,8.33,0.0008,30.0,39.34,425.0,0.07,41.177801,-8.606191,106.0,13,0.0,72.34
2025-07-24T16:27:44.854325+01:00,31.78313264308963,1001.8267586780645,31.80424459045753,1001.9205043748525,-0.000250007629627369,-2,0.0,63,Este-Nordeste,1.0,2.0,0.0,0.0,4.17,0.001,29.91,39.55,459.0,0.06,41.177813,-8.606186,106.29,12,0.0,72.34
2025-07-24T16:28:46.160007+01:00,32.00175123254303,1001.8219348484424,32.01534544490278,1001.9629312422555,-0.000250007629627369,-2,0.0,117,Este-Sudeste,1.0,2.0,0.0,0.0,4.17,0.0008,29.93,39.26,400.0,0.03,41.177841,-8.60617,105.0,12,0.0,251.68
2025-07-24T16:29:47.465640+01:00,31.822881435626186,1001.7671473237012,31.88958447240293,1001.8398325727541,-0.000250007629627369,-2,0.0,31,Norte-Nordeste,2.0,4.0,0.0,0.0,8.33,0.0008,30.19,39.24,470.0,0.08,41.177856,-8.606174,104.59,13,0.0,251.68
2025-07-24T16:30:48.771571+01:00,31.70363511389587,1001.6969126070644,31.700936168432236,1001.8279424037239,-0.000250007629627369,-2,0.0,118,Este-Sudeste,2.0,2.0,0.0,0.0,8.33,0.0008,30.16,38.57,400.0,0.02,41.177873,-8.606152,104.5,13,0.0,251.68
2025-07-24T16:31:50.078719+01:00,32.01168845454231,1001.7834512689813,31.943482479080558,1001.8198993761322,-0.000250007629627369,-2,0.0,113,Este-Sudeste,4.0,4.0,0.0,0.0,16.67,0.001,30.27,38.24,400.0,0.02,41.177873,-8.606131,104.0,11,0.0,251.68
2025-07-24T16:32:51.376362+01:00,32.13590382775874,1001.8073940403311,31.93449952453375,1001.9012560111408,-0.000250007629627369,-2,0.0,31,Norte-Nordeste,2.0,2.0,0.0,0.0,8.33,0.001,30.59,37.76,400.0,0.04,41.177883,-8.606102,102.29,13,0.0,251.68
2025-07-24T16:33:52.682294+01:00,32.4389901018003,1001.7914625022537,32.392606457695365,1001.8426222061258,-0.000250007629627369,-2,0.0,120,Este-Sudeste,0.0,1.0,0.0,0.0,0.93,0.001,30.89,37.38,416.0,0.06,41.177872,-8.606108,104.0,13,0.0,251.68
2025-07-24T16:34:53.987328+01:00,32.349554695189,1001.7810741273104,32.1635590470396,1001.9435030559392,-0.000250007629627369,-2,0.0,47,Nordeste,4.0,5.0,0.0,0.0,16.67,0.0008,31.2,37.28,415.0,0.06,41.177878,-8.60609,104.59,13,0.0,251.68
2025-07-24T16:35:55.292799+01:00,32.250182131771,1001.7687471171688,32.096189856529236,1001.8718375411456,-0.000250007629627369,-2,0.0,54,Nordeste,2.0,4.0,0.0,0.0,8.33,0.0006,31.12,37.34,443.0,0.08,41.177868,-8.606092,105.09,13,0.0,251.68
2025-07-24T16:36:56.612900+01:00,32.245213506656,1001.7408486264878,32.118646369781345,1001.8312436292748,-0.000250007629627369,-2,0.8,178,Sul,1.0,1.0,0.0,0.0,4.17,0.0006,30.97,37.71,412.0,0.07,41.17785,-8.606101,104.09,12,1.59,251.68
2025-07-24T16:37:57.919051+01:00,32.36942922184244,1001.7377208289837,32.29380317777395,1001.8117230319265,-0.000250007629627369,-2,0.0,34,Nordeste,1.0,1.0,0.0,0.0,4.17,0.0008,31.01,37.71,470.0,0.09,41.177859,-8.60612,105.79,11,0.0,251.68
2025-07-24T16:38:59.213984+01:00,32.15080968476832,1001.7092368527285,32.02881961828098,1001.8408651446891,-0.000250007629627369,-2,0.0,285,Oeste-Noroeste,4.0,4.0,0.0,0.0,16.67,0.0008,30.89,37.8,475.0,0.08,41.17786,-8.606137,106.7,14,0.0,251.68
2025-07-24T16:40:00.500454+01:00,31.902379076578654,1001.7758008823016,31.7907697185874,1001.7779282249119,-0.000250007629627369,-2,0.0,26,Norte-Nordeste,1.0,2.0,0.0,0.0,4.17,0.0006,30.63,38.26,484.0,0.07,41.177855,-8.606131,107.09,13,0.0,251.68
2025-07-24T16:41:01.806901+01:00,31.79306983947754,1001.7007892969295,31.85365209542215,1001.7784752937911,-0.000250007629627369,-2,0.0,26,Norte-Nordeste,2.0,2.0,0.0,0.0,8.33,0.0006,30.27,38.92,481.0,0.07,41.177857,-8.606129,107.29,15,0.0,251.68
2025-07-24T16:42:03.112580+01:00,31.79803843810805,1001.7354087898422,31.86712677171454,1001.8396473617087,-0.000250007629627369,-2,0.0,105,Este-Sudeste,1.0,1.0,0.0,0.0,4.17,0.0006,30.14,39.15,400.0,0.06,41.177858,-8.606126,106.7,15,0.0,251.68
2025-07-24T16:43:04.418945+01:00,31.932190711144358,1001.7411675153741,31.871618321165442,1001.8091544671313,-0.000250007629627369,-2,0.0,102,Este-Sudeste,0.0,2.0,0.0,0.0,1.85,0.0006,30.18,39.16,409.0,0.06,41.177859,-8.60613,103.09,12,0.0,251.68
2025-07-24T16:44:05.724550+01:00,32.076280425913865,1001.7352994288028,31.99737981520593,1001.85082879978,-0.000250007629627369,-2,0.0,105,Este-Sudeste,1.0,2.0,0.0,0.0,4.17,0.0008,30.2,38.79,451.0,0.06,41.177861,-8.606133,104.2,14,0.0,251.68
2025-07-24T16:45:07.021719+01:00,32.02659428972402,1001.7122553951317,32.03331100009382,1001.8307149990294,-0.000250007629627369,-2,0.0,113,Este-Sudeste,4.0,5.0,0.0,0.0,16.67,0.0008,30.34,38.84,466.0,0.08,41.17787,-8.606115,102.09,12,0.0,251.68
2025-07-24T16:46:08.331008+01:00,32.185590027977014,1001.7226590492869,32.10517247579992,1001.8311651398341,-0.000250007629627369,-2,0.0,360,Norte,2.0,2.0,0.0,0.0,8.33,0.0008,30.37,38.57,409.0,0.07,41.177902,-8.606122,97.79,15,0.0,251.68
2025-07-24T16:47:09.638821+01:00,32.255150757177034,1001.7090754832029,32.132120221853256,1001.8618668054464,-0.000250007629627369,-2,0.0,93,Este,2.0,2.0,0.0,0.0,8.33,0.0008,30.53,38.4,421.0,0.07,41.17791,-8.606138,97.09,13,0.0,251.68
2025-07-24T16:48:10.945028+01:00,32.38930375315249,1001.7415263267741,32.230927189812064,1001.8114566482292,-0.000250007629627369,-2,0.0,89,Este,5.0,5.0,0.0,0.0,20.83,0.0008,30.71,37.81,422.0,0.08,41.177916,-8.606155,98.29,14,0.0,251.68
2025-07-24T16:49:12.251250+01:00,32.60792390489951,1001.7698133055713,32.527334570884705,1001.8531178977183,-0.000250007629627369,-2,0.0,120,Este-Sudeste,2.0,2.0,0.0,0.0,8.33,0.0008,30.96,37.43,416.0,0.07,43.31122,-8.606125,95.7,13,0.0,251.68
2025-07-24T16:50:13.557997+01:00,32.54830017127097,1001.6977875713227,32.374642392620444,1001.8018185733824,-0.000250007629627369,-2,0.0,100,Este,2.0,2.0,0.0,0.0,8.33,0.001,31.12,36.93,401.0,0.07,41.17787,-8.606132,96.0,14,0.0,251.68
2025-07-24T16:51:14.863561+01:00,32.42905282974243,1001.708705096428,32.35667825303972,1001.7813882720282,-0.000250007629627369,-2,0.0,335,Norte-Noroeste,1.0,1.0,0.0,0.0,4.17,0.0008,31.21,37.01,435.0,0.08,41.177892,-8.606121,94.79,13,0.26,251.68
2025-07-24T16:52:16.168211+01:00,32.45389601206989,1001.7134548630577,32.32973190397024,1001.7914844552937,-0.000250007629627369,-2,0.0,123,Este-Sudeste,1.0,2.0,0.0,0.0,4.17,0.0008,31.25,37.32,487.0,0.1,41.177883,-8.606125,96.4,12,0.0,251.68
2025-07-24T16:53:17.474835+01:00,32.37439785423339,1001.7117226377176,32.266856437548995,1001.8523537376294,-0.000250007629627369,-2,0.0,99,Este,2.0,2.0,0.0,0.0,8.33,0.0006,31.14,37.48,446.0,0.09,41.177864,-8.606132,98.29,13,0.0,251.68
2025-07-24T16:54:18.781341+01:00,32.52345696129487,1001.7200034242804,32.32524082949385,1001.7710962772326,-0.000250007629627369,-2,0.0,87,Este,3.0,3.0,0.0,0.0,12.5,0.001,31.2,36.85,440.0,0.07,41.177854,-8.606173,102.2,13,0.0,46.35
2025-07-24T16:55:20.088713+01:00,32.622829844855005,1001.6513343459945,32.40158846229315,1001.7203953235996,-0.0001250038148136845,-1,0.0,80,Este,1.0,2.0,0.0,0.0,4.17,0.0008,31.21,37.1,422.0,0.09,41.177873,-8.606211,95.7,11,0.0,46.35
2025-07-24T16:56:21.377146+01:00,32.593017967563355,1001.6995743377947,32.41057044826448,1001.7815460307497,-0.000250007629627369,-2,0.0,114,Este-Sudeste,2.0,2.0,0.0,0.0,8.33,0.0006,31.18,37.05,400.0,0.07,41.177874,-8.606213,98.7,12,0.0,46.35
2025-07-24T16:57:22.684094+01:00,32.50358239855268,1001.6555601322597,32.34320509945974,1001.7202249310686,-0.0001250038148136845,-1,0.0,119,Este-Sudeste,2.0,2.0,0.0,0.0,8.33,0.0008,31.21,37.22,452.0,0.09,41.177856,-8.606221,99.0,13,0.0,46.35
2025-07-24T16:58:23.980352+01:00,32.33961743360851,1001.6915875613557,32.2758387029171,1001.7403550340426,-0.0001250038148136845,-1,0.0,118,Este-Sudeste,4.0,4.0,0.0,0.0,16.67,0.0006,31.05,37.59,492.0,0.11,41.17786,-8.606223,97.9,14,0.0,46.35
2025-07-24T16:59:25.281174+01:00,32.27999388857279,1001.6801598978719,32.24440069263801,1001.7096722124755,-0.000250007629627369,-2,0.0,191,Sul,1.0,1.0,0.0,0.0,4.17,0.0008,30.84,37.85,457.0,0.08,41.177861,-8.606208,100.79,13,0.0,46.35
2025-07-24T17:00:26.565380+01:00,32.33961743360851,1001.6915875613557,32.40158846229315,1001.7815218124559,-0.000250007629627369,-2,0.0,109,Este-Sudeste,1.0,1.0,0.0,0.0,4.17,0.0008,30.64,37.63,400.0,0.07,41.17787,-8.606187,102.59,12,0.0,46.35
2025-07-24T17:01:27.846376+01:00,32.617861197912134,1001.6503883173162,32.59469705587253,1001.710517371079,-0.0001250038148136845,-1,0.0,135,Sudeste,1.0,1.0,0.0,0.0,4.17,0.0008,30.77,37.94,464.0,0.09,41.177881,-8.606189,102.29,13,0.0,46.35
2025-07-24T17:02:29.128085+01:00,32.468801924958825,1001.6489196872396,32.47344382852316,1001.7816923200705,-0.000250007629627369,-2,0.0,109,Este-Sudeste,1.0,1.0,0.0,0.0,4.17,0.0006,30.77,37.76,482.0,0.1,41.177877,-8.606181,103.0,13,0.0,46.35
2025-07-24T17:03:30.424007+01:00,32.627798492088914,1001.6118400483425,32.585715451743454,1001.7410861407917,-0.0001250038148136845,-1,0.0,106,Este-Sudeste,0.0,0.0,0.0,0.0,0.0,0.0008,30.82,37.16,400.0,0.07,41.177895,-8.60618,104.5,13,0.0,46.35
2025-07-24T17:04:31.709752+01:00,32.483707840467105,1001.6382890382931,32.30727648502216,1001.7506600214176,-0.0001250038148136845,-1,0.0,74,Este-Nordeste,2.0,2.0,0.0,0.0,8.33,0.0006,30.89,37.35,401.0,0.05,41.177899,-8.606187,105.2,12,0.0,46.35
2025-07-24T17:05:33.008780+01:00,32.33961743360851,1001.6983246171942,32.239909529685974,1001.7198375742239,-0.0001250038148136845,-1,0.0,122,Este-Sudeste,2.0,3.0,0.0,0.0,8.33,0.0006,30.82,37.8,434.0,0.07,41.177889,-8.606149,104.29,10,0.0,46.35
2025-07-24T17:06:34.303655+01:00,32.37439785423339,1001.6241362891656,32.16805028915405,1001.7602350159272,-0.0001250038148136845,-1,0.0,59,Este-Nordeste,3.0,3.0,0.0,0.0,12.5,0.0006,30.68,37.8,400.0,0.04,41.177888,-8.606146,105.4,10,0.0,46.35
2025-07-24T17:07:35.609676+01:00,32.4389901018003,1001.6836529085167,32.28032982861623,1001.7505579195891,-0.0001250038148136845,-1,0.0,132,Sudeste,2.0,2.0,0.0,0.0,8.33,0.0006,30.75,37.79,431.0,0.06,41.17788,-8.606173,104.59,12,0.0,46.35
2025-07-24T17:08:36.907525+01:00,32.5532688141393,1001.665038932763,32.25787415355444,1001.7504671294424,-0.0001250038148136845,-1,0.0,104,Este-Sudeste,1.0,1.0,0.0,0.0,4.17,0.0006,30.78,37.53,400.0,0.04,41.177857,-8.606215,106.79,9,0.0,46.35
2025-07-24T17:09:38.215182+01:00,32.3048370272445,1001.6714495967614,32.12313765846193,1001.7701774386111,-0.0001250038148136845,-1,0.0,84,Este,1.0,1.0,0.0,0.0,4.17,0.0006,30.8,37.77,450.0,0.08,41.177866,-8.606238,107.09,11,0.0,46.35
2025-07-24T17:10:39.523072+01:00,32.399241020553745,1001.5951997982864,32.11415507644415,1001.7192178854134,-0.0001250038148136845,-1,0.0,84,Este,0.0,0.0,0.0,0.0,0.0,0.0006,30.79,37.97,400.0,0.04,41.177867,-8.60621,106.9,10,0.73,46.35
2025-07-24T17:11:40.822783+01:00,32.60295525882975,1001.6475496980678,32.208471258636564,1001.6687792129528,-0.0001250038148136845,-1,0.0,120,Este-Sudeste,0.0,2.0,0.0,0.0,1.85,0.0006,30.96,37.95,418.0,0.04,41.177854,-8.606236,108.0,12,0.0,46.35
2025-07-24T17:12:42.129350+01:00,32.64767308393493,1001.6291021610197,32.28032982861623,1001.6996317614717,-0.0001250038148136845,-1,0.0,119,Este-Sudeste,1.0,2.0,0.0,0.0,4.17,0.0006,31.12,37.57,425.0,0.05,41.17784,-8.606275,104.5,11,1.12,46.35
2025-07-24T17:13:43.435188+01:00,32.915980529622175,1001.6260760982836,32.60816942714155,1001.6187965723117,-0.0001250038148136845,-1,0.0,105,Este-Sudeste,2.0,3.0,0.0,0.0,8.33,0.0008,31.27,37.28,432.0,0.07,41.177851,-8.606273,104.0,12,0.0,46.35
2025-07-24T17:14:44.739561+01:00,32.97063585408614,1001.5689759619374,32.60816942714155,1001.6799486178185,-0.0001250038148136845,-1,0.0,117,Este-Sudeste,0.0,0.0,0.0,0.0,0.0,0.0008,31.45,37.12,466.0,0.1,41.177888,-8.606293,106.59,11,0.0,46.35
2025-07-24T17:15:46.035695+01:00,33.08491528267041,1001.5972853399039,32.73840018874034,1001.5881624437585,-0.0001250038148136845,-1,0.0,132,Sudeste,0.0,1.0,0.0,0.0,0.93,0.0008,31.55,37.21,492.0,0.12,41.177856,-8.60626,108.9,11,0.72,46.35
2025-07-24T17:16:47.341884+01:00,33.224038273096085,1001.4952974145309,32.89557003043592,1001.587859848699,-0.0001250038148136845,-1,0.0,112,Este-Sudeste,0.0,0.0,0.0,0.0,0.0,0.0008,31.61,37.19,495.0,0.12,41.177817,-8.606216,104.59,13,0.0,46.35
2025-07-24T17:17:48.647930+01:00,33.20913222749368,1001.6004347019372,32.92700331425294,1001.6795562874987,-0.0001250038148136845,-1,0.0,124,Sudeste,0.0,1.0,0.0,0.0,0.93,0.0008,31.62,36.92,457.0,0.09,41.177806,-8.606239,103.79,12,0.0,46.35
2025-07-24T17:18:49.953735+01:00,33.16938278535963,1001.5524840062915,32.82821222534403,1001.6288068914758,-0.0001250038148136845,-1,0.0,121,Este-Sudeste,2.0,2.0,0.0,0.0,8.33,0.0006,31.64,36.99,473.0,0.09,41.177835,-8.60619,101.5,13,0.56,36.35
2025-07-24T17:19:51.260748+01:00,33.17435146460775,1001.5601643070025,32.92700331425294,1001.6693576723105,-0.0001250038148136845,-1,0.0,149,Sul-Sudeste,1.0,2.0,0.0,0.0,4.17,0.0006,31.64,36.9,425.0,0.07,41.177848,-8.606229,105.9,11,0.0,36.35
2025-07-24T17:20:52.566253+01:00,33.11969600888551,1001.5768588934181,32.877608051523566,1001.6490927892991,-0.0001250038148136845,-1,0.0,104,Este-Sudeste,1.0,2.0,0.0,0.0,4.17,0.0006,31.52,37.16,468.0,0.1,41.177794,-8.606302,103.59,11,0.17,229.05
2025-07-24T17:21:53.872635+01:00,33.12963336185203,1001.5719850411915,32.998849963303655,1001.740524078222,-0.0001250038148136845,-1,0.0,75,Este-Nordeste,1.0,2.0,0.0,0.0,4.17,0.0006,31.36,37.67,476.0,0.1,41.177773,-8.606293,107.59,12,0.0,229.05
2025-07-24T17:22:55.159192+01:00,33.28366248169914,1001.5941976161143,33.16948097711429,1001.7091683042032,-0.0001250038148136845,-1,0.0,114,Este-Sudeste,1.0,1.0,0.0,0.0,4.17,0.0006,31.45,37.74,468.0,0.09,41.177805,-8.606308,106.79,12,0.0,229.05
2025-07-24T17:23:56.459466+01:00,33.23397563828621,1001.524148784123,33.17397117614746,1001.7193481129008,-0.0001250038148136845,-1,0.0,104,Este-Sudeste,0.0,1.0,0.0,0.0,0.93,0.0006,31.55,37.36,467.0,0.09,41.17781,-8.606382,100.9,11,0.0,238.43
2025-07-24T17:24:57.767367+01:00,33.194226184510626,1001.6043775232622,33.29969485849142,1001.7083901045731,-0.0001250038148136845,-1,0.0,96,Este,1.0,1.0,0.0,0.0,4.17,0.0006,31.45,37.72,474.0,0.1,41.17778,-8.606378,95.09,14,0.0,238.43
2025-07-24T17:25:59.073285+01:00,33.14453939348459,1001.5950275270119,33.48827353678644,1001.7273739786642,-0.0001250038148136845,-1,0.0,117,Este-Sudeste,2.0,2.0,0.0,0.0,8.33,0.0008,31.45,37.34,488.0,0.12,41.177789,-8.606363,93.7,15,0.0,238.43
2025-07-24T17:27:00.395607+01:00,32.9557298530126,1001.5256991258495,33.564600666519254,1001.7369033456049,-0.0001250038148136845,-1,0.0,128,Sudeste,1.0,1.0,0.0,0.0,4.17,0.0006,31.2,37.63,452.0,0.1,41.177829,-8.606307,97.09,13,0.0,238.43
2025-07-24T17:28:01.698377+01:00,32.94579252041876,1001.5845117782565,33.74867820739746,1001.7145830296658,-0.0001250038148136845,-1,0.0,115,Este-Sudeste,1.0,1.0,0.0,0.0,4.17,0.0006,30.93,37.99,459.0,0.09,41.17784,-8.606257,98.7,14,0.0,238.43
2025-07-24T17:29:02.996510+01:00,32.77188938847394,1001.5313601514598,33.51072283228859,1001.665915250963,-0.0001250038148136845,-1,0.0,98,Este,1.0,1.0,0.0,0.0,4.17,0.0008,30.68,37.27,400.0,0.02,41.177834,-8.606237,99.29,14,0.0,238.43
2025-07-24T17:30:04.331440+01:00,32.851387918839464,1001.566650607061,34.018045864999294,1001.5578601695211,-0.0001250038148136845,-1,0.0,122,Este-Sudeste,2.0,3.0,0.0,0.0,8.33,0.0006,30.73,37.86,464.0,0.09,41.177846,-8.606202,98.79,14,0.0,238.43
2025-07-24T17:31:05.618175+01:00,32.79673267120961,1001.5293281393679,34.13027744134888,1001.5868564271346,-0.000250007629627369,-2,0.0,148,Sul-Sudeste,1.0,1.0,0.0,0.0,4.17,0.0006,30.75,38.12,463.0,0.09,41.177805,-8.606273,94.09,12,0.0,238.43
2025-07-24T17:32:06.919200+01:00,32.92591785872355,1001.5065798713633,34.48491009324789,1001.5909651505499,-0.0001250038148136845,-1,0.0,136,Sudeste,1.0,1.0,0.0,0.0,4.17,0.0008,30.73,37.94,435.0,0.08,41.177816,-8.606237,101.5,14,0.0,231.52
2025-07-24T17:33:08.225800+01:00,32.856356579461135,1001.5001675206981,34.63752785883844,1001.5981683135979,-0.0001250038148136845,-1,0.0,115,Este-Sudeste,1.0,1.0,0.0,0.0,4.17,0.0006,30.82,38.14,486.0,0.1,41.177818,-8.606202,103.4,15,0.0,231.52
2025-07-24T17:34:09.539882+01:00,32.69735958392266,1001.577884217948,34.48491009324789,1001.5909651505499,-0.0001250038148136845,-1,0.0,121,Este-Sudeste,0.0,0.0,0.0,0.0,0.0,0.0008,30.71,37.84,400.0,0.04,41.177805,-8.606218,101.9,16,0.0,231.52
2025-07-24T17:35:10.821019+01:00,33.05013457071618,1001.5435158956032,34.8843981414102,1001.6439575313061,-0.000250007629627369,-2,0.0,102,Este-Sudeste,1.0,1.0,0.0,0.0,4.17,0.0008,31.04,37.61,414.0,0.07,41.177798,-8.606212,101.4,15,0.0,231.52
2025-07-24T17:36:12.120851+01:00,33.08491528267041,1001.4961136984161,35.45439025014639,1001.670133849764,-0.0001250038148136845,-1,0.0,129,Sudeste,0.0,0.0,0.0,0.0,0.0,0.0006,31.38,37.33,469.0,0.12,41.177803,-8.606201,102.7,16,0.0,231.52
2025-07-24T17:37:13.409215+01:00,33.08491528267041,1001.4556451404978,35.77750202268362,1001.578204047426,-0.000250007629627369,-2,0.0,94,Este,0.0,0.0,0.0,0.0,0.0,0.0006,31.51,36.78,408.0,0.09,41.177809,-8.606186,102.59,15,0.44,231.52
2025-07-24T17:38:14.709215+01:00,33.02032254324877,1001.4839402551868,35.86725100874901,1001.6573320928378,-0.0001250038148136845,-1,0.0,125,Sudeste,0.0,1.0,0.0,0.0,0.93,0.0006,31.63,36.68,429.0,0.08,41.177833,-8.606135,101.4,15,0.0,231.52
2025-07-24T17:39:15.996652+01:00,33.02529121376574,1001.4848772083532,36.31148105999455,1001.5594404742567,-0.000250007629627369,-2,0.0,120,Este-Sudeste,1.0,1.0,0.0,0.0,4.17,0.0008,31.82,36.82,474.0,0.11,41.177881,-8.606151,100.4,13,0.0,231.52
2025-07-24T17:40:17.294531+01:00,32.92591785872355,1001.4054333621403,36.54479573434219,1001.4475817581779,-0.000250007629627369,-2,0.0,116,Este-Sudeste,4.0,4.0,0.0,0.0,16.67,0.0006,31.91,36.54,453.0,0.11,41.177864,-8.606181,105.29,13,1.03,231.52
2025-07-24T17:41:18.598819+01:00,32.911011865508044,1001.4026182948305,37.04727688198909,1001.4773332719332,-0.0001250038148136845,-1,0.0,100,Este,0.0,2.0,0.0,0.0,1.85,0.0006,31.91,36.28,428.0,0.09,41.177844,-8.606158,104.2,13,0.0,231.52
2025-07-24T17:42:19.903741+01:00,32.66257903087535,1001.4566878491771,37.28503777831793,1001.4970603908338,-0.000250007629627369,-2,0.0,99,Este,2.0,2.0,0.0,0.0,8.33,0.0006,31.86,36.62,435.0,0.09,41.17785,-8.606178,103.79,14,0.0,231.52
2025-07-24T17:43:21.209568+01:00,32.74704611301422,1001.4390119718305,37.6080127581954,1001.4604201347341,-0.000250007629627369,-2,0.0,84,Este,0.0,0.0,0.0,0.0,0.0,0.0008,31.84,36.35,418.0,0.07,41.17787,-8.606162,102.4,14,0.0,231.52
2025-07-24T17:44:22.515551+01:00,32.64767308393493,1001.467336715238,38.24492043815553,1001.3740331173015,-0.000250007629627369,-2,0.0,91,Este,0.0,0.0,0.0,0.0,0.0,0.0006,31.84,36.7,439.0,0.09,41.177887,-8.606175,101.59,13,0.0,34.99
2025-07-24T17:45:23.820828+01:00,32.881199886935065,1001.4509267799513,38.670968224760145,1001.4205537752314,-0.000250007629627369,-2,0.0,104,Este-Sudeste,0.0,2.0,0.0,0.0,1.85,0.0008,31.96,35.95,413.0,0.07,41.177872,-8.606177,100.59,13,0.0,34.99
2025-07-24T17:46:25.125897+01:00,32.93585518898908,1001.4410256116971,38.765141537413,1001.3423970888407,-0.000250007629627369,-2,0.0,130,Sudeste,0.0,2.0,0.0,0.0,1.85,0.001,32.34,35.66,450.0,0.09,41.177835,-8.606197,101.5,14,0.0,34.99
2025-07-24T17:47:26.431059+01:00,32.82654462009668,1001.4675558354813,38.48710012435913,1001.2977735347216,-0.000250007629627369,-2,0.0,25,Norte-Nordeste,0.0,1.0,0.0,0.0,0.93,0.001,32.44,35.24,403.0,0.04,41.17782,-8.606205,100.7,15,0.0,34.99
2025-07-24T17:48:27.735062+01:00,32.89610587491188,1001.3930596498195,38.9176082611084,1001.4151726337561,-0.000250007629627369,-2,0.0,106,Este-Sudeste,2.0,2.0,0.0,0.0,8.33,0.0008,32.66,35.18,403.0,0.08,41.177815,-8.60622,100.59,14,0.0,34.99
2025-07-24T17:49:29.041706+01:00,32.84145059846924,1001.3355331224117,38.66648373007774,1001.255757198047,-0.000250007629627369,-2,0.0,122,Este-Sudeste,0.0,0.0,0.0,0.0,0.0,0.001,32.74,34.69,407.0,0.05,41.17783,-8.60624,102.79,15,0.0,34.99
2025-07-24T17:50:30.342048+01:00,32.83648193872068,1001.4761790818017,38.84585988521576,1001.3681996046207,-0.00037501144444105353,-3,0.0,100,Este,0.0,1.0,0.0,0.0,0.93,0.0008,32.74,34.31,400.0,0.03,41.177843,-8.606197,102.4,14,0.0,34.99
2025-07-24T17:51:31.644866+01:00,32.915980529622175,1001.3630988575651,39.00280790915713,1001.296036570438,-0.00037501144444105353,-3,0.0,109,Este-Sudeste,1.0,1.0,0.0,0.0,4.17,0.001,32.97,34.48,410.0,0.06,41.177811,-8.606191,104.7,13,0.0,34.99
2025-07-24T17:52:32.950036+01:00,33.055103242979385,1001.4163081703803,39.36600860208273,1001.3333554774055,-0.00037501144444105353,-3,0.0,120,Este-Sudeste,0.0,0.0,0.0,0.0,0.0,0.0026,33.24,33.74,400.0,0.06,41.17783,-8.606193,103.2,14,0.0,34.99
2025-07-24T17:53:34.257606+01:00,32.82654462009668,1001.3799090667052,39.89057788765058,1001.357423647391,-0.0007500228888821071,-6,1.5,65,Este-Nordeste,2.0,2.0,0.0,0.0,8.33,0.015,33.35,34.25,465.0,0.1,41.177814,-8.606203,104.0,14,0.0,213.77
2025-07-24T17:54:35.563417+01:00,32.74704611301422,1001.3985645869311,40.204392281826586,1001.3851149352726,-0.0011250343333231605,-9,0.0,70,Este-Nordeste,1.0,2.0,0.0,0.0,4.17,0.0016,32.99,34.37,437.0,0.07,41.177807,-8.606199,103.7,15,0.0,213.77
2025-07-24T17:55:36.840945+01:00,32.881199886935065,1001.3632726684127,40.343359937891364,1001.3948539838358,-0.0011250343333231605,-9,0.0,79,Este,0.0,0.0,0.0,0.0,0.0,0.0254,33.01,34.38,417.0,0.06,41.177846,-8.606189,102.2,14,0.0,213.77
2025-07-24T17:56:38.142805+01:00,32.856356579461135,1001.3855471666149,40.4419794306159,1001.3869549378826,-0.0011250343333231605,-9,0.0,57,Este-Nordeste,0.0,0.0,0.0,0.0,0.0,0.0274,33.12,34.38,459.0,0.08,41.177822,-8.606204,101.59,12,0.0,213.77
2025-07-24T17:57:39.449448+01:00,32.80666998634115,1001.3828903960325,40.25818674406037,1001.3808943013117,-0.0008750267036957915,-7,0.0,104,Este-Sudeste,0.0,0.0,0.0,0.0,0.0,0.0924,33.25,34.0,454.0,0.08,41.177839,-8.606188,102.09,14,0.0,213.77
2025-07-24T17:58:40.751303+01:00,32.90604320168495,1001.3612225019896,39.82332897745073,1001.4244920615316,-0.0006250190740684225,-5,0.0,108,Este-Sudeste,1.0,1.0,0.0,0.0,4.17,0.1318,33.6,33.62,400.0,0.06,41.177841,-8.606223,101.2,13,0.0,213.77
2025-07-24T17:59:42.056771+01:00,32.7371088048676,1001.3764577830698,39.51845411024988,1001.3019410775954,-0.00037501144444105353,-3,0.0,114,Este-Sudeste,0.0,0.0,0.0,0.0,0.0,0.1396,33.77,32.82,400.0,0.03,41.17784,-8.606213,101.7,12,0.0,213.77
2025-07-24T18:00:43.363241+01:00,32.8762312248582,1001.3016508667114,40.39715266786516,1001.4112639742926,-0.000500015259254738,-4,0.0,120,Este-Sudeste,0.0,0.0,0.0,0.0,0.0,0.129,34.2,32.75,417.0,0.07,41.177822,-8.60622,102.09,12,0.0,213.77
2025-07-24T18:01:44.668993+01:00,32.90604320168495,1001.2803081529717,40.47784050554037,1001.3840575121723,-0.0007500228888821071,-6,0.0,93,Este,0.0,1.0,0.0,0.0,0.93,0.1138,34.61,32.2,439.0,0.08,41.177785,-8.606236,106.09,12,1.1,213.77
2025-07-24T18:02:45.977238+01:00,32.93585518898908,1001.2387303001093,40.09231833182275,1001.2903442610183,-0.001250038148136845,-10,0.0,116,Este-Sudeste,0.0,0.0,0.0,0.0,0.0,0.0996,34.94,32.07,467.0,0.08,41.177732,-8.606257,107.5,11,0.0,213.77
2025-07-24T18:03:47.284435+01:00,32.851387918839464,1001.30370011586,40.71541259950027,1001.3230863399455,-0.001250038148136845,-10,0.0,111,Este-Sudeste,0.0,0.0,0.0,0.0,0.0,0.085,35.23,31.9,437.0,0.1,41.177707,-8.606315,100.79,12,1.6,213.77
2025-07-24T18:04:48.589900+01:00,32.82157596122124,1001.291323242603,39.706761717796326,1001.2469726230431,-0.001250038148136845,-10,0.0,70,Este-Nordeste,0.0,0.0,0.0,0.0,0.0,0.0772,35.26,30.71,400.0,0.04,41.177716,-8.60627,103.4,14,2.18,34.61
2025-07-24T18:05:49.896727+01:00,32.71226553959423,1001.3110807367327,39.787462463602424,1001.2203381673,-0.001000030518509476,-8,0.0,108,Este-Sudeste,0.0,0.0,0.0,0.0,0.0,0.058,35.53,30.95,415.0,0.06,41.177677,-8.606331,102.5,12,0.0,34.21
2025-07-24T18:06:51.197424+01:00,32.78182670069509,1001.2972886071879,40.29853215068579,1001.3363052042362,-0.0011250343333231605,-9,0.0,108,Este-Sudeste,1.0,1.0,0.0,0.0,4.17,0.0424,35.74,31.21,433.0,0.09,41.177714,-8.606296,99.7,14,0.0,34.21
2025-07-24T18:07:52.503202+01:00,32.78679535724223,1001.2847455128318,39.97127519687638,1001.2685823350045,-0.0011250343333231605,-9,0.0,102,Este-Sudeste,0.0,1.0,0.0,0.0,0.93,0.0412,35.88,30.58,400.0,0.07,41.177771,-8.606228,93.4,13,0.0,35.07
2025-07-24T18:08:53.797835+01:00,32.776858044438995,1001.2558993355477,40.79161219857633,1001.1819958476663,-0.0023750724814600053,-19,0.0,102,Este-Sudeste,0.0,0.0,0.0,0.0,0.0,0.0362,36.18,30.96,476.0,0.11,41.177737,-8.606243,88.09,12,4.09,36.56
2025-07-24T18:09:55.104320+01:00,32.74704611301422,1001.2435167999652,40.20887517929077,1001.2812731657017,-0.0007500228888821071,-6,0.0,90,Este,0.0,0.0,0.0,0.0,0.0,0.0382,36.26,29.95,423.0,0.07,41.177803,-8.606191,84.2,11,0.55,29.1
2025-07-24T18:10:56.410198+01:00,32.63773578742985,1001.2834661189595,40.17301186919212,1001.2737309266282,-0.0007500228888821071,-6,0.0,114,Este-Sudeste,0.0,0.0,0.0,0.0,0.0,0.0294,36.34,30.48,441.0,0.09,41.177757,-8.606185,86.4,12,0.0,29.1
2025-07-24T18:11:57.717245+01:00,32.891137211961905,1001.2977229199182,39.912993958219886,1001.3247103826782,-0.000500015259254738,-4,0.0,114,Este-Sudeste,0.0,1.0,0.0,0.0,0.93,0.0278,36.35,30.1,427.0,0.08,41.177891,-8.60607,92.29,12,0.34,42.85
2025-07-24T18:12:59.023776+01:00,32.9010745381529,1001.2389136861985,40.02955564856529,1001.3055156834333,-0.000500015259254738,-4,0.0,95,Este,0.0,0.0,0.0,0.0,0.0,0.0208,36.56,30.08,456.0,0.09,41.177961,-8.606072,97.0,12,0.0,42.85
2025-07-24T18:14:00.322538+01:00,32.920949194027344,1001.235919660711,40.0833522900939,1001.3634618847603,-0.000500015259254738,-4,0.0,148,Sul-Sudeste,0.0,0.0,0.0,0.0,0.0,0.0192,36.7,30.2,477.0,0.11,41.177961,-8.606098,99.29,11,0.1,42.85
2025-07-24T18:15:01.607993+01:00,32.9408238545584,1001.259896625365,40.244738191366196,1001.2784536801449,-0.00037501144444105353,-3,0.0,106,Este-Sudeste,0.0,0.0,0.0,0.0,0.0,0.0188,36.76,29.89,475.0,0.11,41.17784,-8.606106,101.79,14,1.02,42.85
2025-07-24T18:16:02.907810+01:00,32.9408238545584,1001.2531534159644,39.42878093384206,1001.2772953660306,-0.00037501144444105353,-3,0.0,103,Este-Sudeste,0.0,1.0,0.0,0.0,0.93,0.01,36.66,29.49,400.0,0.06,41.183178,-8.606207,112.59,11,0.0,225.21
2025-07-24T18:17:04.195566+01:00,32.90604320168495,1001.2061368643991,38.59921575104818,1001.2186862271014,-0.000500015259254738,-4,0.0,92,Este,0.0,0.0,0.0,0.0,0.0,0.0024,36.34,29.34,400.0,0.04,41.177742,-8.606321,117.0,14,0.47,225.21
2025-07-24T18:18:05.495255+01:00,32.7917640140804,1001.218268881603,37.99375679157674,1001.3058751391758,-0.00037501144444105353,-3,0.0,125,Sudeste,0.0,0.0,0.0,0.0,0.0,0.0008,36.16,30.14,427.0,0.05,41.177848,-8.606263,109.5,13,0.0,37.85
2025-07-24T18:19:06.799911+01:00,32.83648193872068,1001.2469460463244,37.93096359819174,1001.2681424288799,-0.00037501144444105353,-3,0.0,117,Este-Sudeste,0.0,0.0,0.0,0.0,0.0,0.0008,35.95,30.24,419.0,0.05,41.177808,-8.606259,111.0,11,0.0,37.85
2025-07-24T18:20:08.106363+01:00,32.79673267120961,1001.1922414226835,38.24940537055954,1001.2397600147717,-0.00037501144444105353,-3,0.0,70,Este-Nordeste,1.0,1.0,0.0,0.0,4.17,0.0006,35.83,30.05,478.0,0.1,41.177926,-8.606107,105.59,12,0.0,37.85
2025-07-24T18:21:09.413436+01:00,32.72717149788514,1001.2262723706399,38.67993720015511,1001.172372908226,-0.00037501144444105353,-3,0.0,68,Este-Nordeste,0.0,0.0,0.0,0.0,0.0,0.0006,35.63,30.84,452.0,0.09,41.177921,-8.606141,105.59,13,0.0,37.85
2025-07-24T18:22:10.711041+01:00,32.60792390489951,1001.2373688703723,38.872765665873885,1001.2116433458593,-0.00037501144444105353,-3,0.0,102,Este-Sudeste,0.0,1.0,0.0,0.0,0.93,0.0006,35.3,30.92,408.0,0.06,41.177923,-8.606166,108.5,12,0.0,37.85
2025-07-24T18:23:12.003727+01:00,32.49861375859473,1001.2907242049913,38.002727173268795,1001.2847682145964,-0.00037501144444105353,-3,0.0,123,Este-Sudeste,0.0,0.0,0.0,0.0,0.0,0.0006,35.09,31.3,401.0,0.04,41.177771,-8.606236,116.29,13,1.54,233.12
2025-07-24T18:24:13.308236+01:00,32.67251633029082,1001.2631022874865,38.128310561180115,1001.2261471480789,-0.00037501144444105353,-3,0.0,106,Este-Sudeste,0.0,0.0,0.0,0.0,0.0,0.0006,35.01,31.02,400.0,0.05,41.177733,-8.6063,119.5,15,0.0,233.12
2025-07-24T18:25:14.595681+01:00,32.63773578742985,1001.2362857227631,37.57212784141302,1001.2666597105739,-0.00037501144444105353,-3,0.0,110,Este-Sudeste,0.0,0.0,0.0,0.0,0.0,0.0006,34.97,31.2,433.0,0.06,41.177748,-8.6063,118.9,14,0.0,233.12
2025-07-24T18:26:15.894507+01:00,32.57811203284655,1001.2586664981797,37.95787507854402,1001.3078661548561,-0.00037501144444105353,-3,0.0,132,Sudeste,0.0,0.0,0.0,0.0,0.0,0.0006,34.98,31.64,455.0,0.07,41.177769,-8.606293,120.4,14,0.0,233.12
2025-07-24T18:27:17.199793+01:00,32.399241020553745,1001.2111561148263,38.065519323572516,1001.3430724925548,-0.00037501144444105353,-3,0.0,70,Este-Nordeste,0.0,1.0,0.0,0.0,0.93,0.0006,34.74,31.89,411.0,0.06,41.177792,-8.606257,115.5,13,2.04,44.96
2025-07-24T18:28:18.506157+01:00,32.493645118927816,1001.2763014253995,37.52727127633989,1001.2586624448284,-0.00037501144444105353,-3,0.0,93,Este,0.0,0.0,0.0,0.0,0.0,0.0006,34.71,31.58,400.0,0.04,41.177897,-8.606174,113.09,13,0.0,45.43
2025-07-24T18:29:19.816385+01:00,32.52842560270801,1001.2694405651397,36.643501998391,1001.2688488865023,-0.00037501144444105353,-3,0.0,69,Este-Nordeste,0.0,1.0,0.0,0.0,0.93,0.0004,34.43,31.48,400.0,0.01,41.177888,-8.606163,116.2,14,0.0,45.43
2025-07-24T18:30:21.121458+01:00,32.593017967563355,1001.2210600506894,36.57620251737535,1001.2202746406782,-0.00037501144444105353,-3,0.0,102,Este-Sudeste,0.0,0.0,0.0,0.0,0.0,0.0004,34.36,32.05,400.0,0.04,41.177886,-8.606208,116.4,14,0.0,48.24
2025-07-24T18:31:22.417281+01:00,32.68742228159681,1001.2726685602205,36.540309032425284,1001.2628436121153,-0.00037501144444105353,-3,0.0,97,Este,0.0,0.0,0.0,0.0,0.0,0.0004,34.08,32.21,400.0,0.03,41.177843,-8.606236,115.4,15,0.0,48.24
2025-07-24T18:32:23.703284+01:00,32.65761038160417,1001.1524317749863,36.387758396565914,1001.2073334870657,-0.00037501144444105353,-3,0.0,93,Este,1.0,1.0,0.0,0.0,4.17,0.0004,34.15,32.32,419.0,0.04,41.177828,-8.606223,109.9,15,0.0,48.24
2025-07-24T18:33:25.017741+01:00,32.64767308393493,1001.2044697874422,36.3608371373266,1001.2083902256461,-0.000500015259254738,-4,0.0,152,Sul-Sudeste,2.0,2.0,0.0,0.0,8.33,0.0004,34.08,32.7,448.0,0.06,41.17778,-8.606274,108.5,15,0.0,48.24
2025-07-24T18:34:26.313791+01:00,32.63276713961386,1001.2218631841955,36.02879448980093,1001.2002820268526,-0.00037501144444105353,-3,0.0,133,Sudeste,0.0,1.0,0.0,0.0,0.93,0.0004,33.68,32.58,400.0,0.02,41.177764,-8.606301,110.0,16,0.0,48.24
2025-07-24T18:35:27.621517+01:00,32.86629390157759,1001.218864703029,36.163409447297454,1001.2056452604473,-0.00037501144444105353,-3,0.0,94,Este,0.0,2.0,0.0,0.0,1.85,0.0004,33.8,32.75,411.0,0.06,41.177787,-8.606242,106.29,14,0.0,71.65
2025-07-24T18:36:28.928373+01:00,32.90604320168495,1001.2398510629962,36.181357791647315,1001.225509600782,-0.00037501144444105353,-3,0.0,101,Este,0.0,1.0,0.0,0.0,0.93,0.0004,33.71,33.32,434.0,0.05,41.177735,-8.606245,99.2,14,2.73,79.04
2025-07-24T18:37:30.231444+01:00,32.68245363087044,1001.2515051313962,34.85746752237901,1001.3271803406626,-0.00037501144444105353,-3,0.0,63,Este-Nordeste,0.0,0.0,0.0,0.0,0.0,0.0004,33.12,34.04,445.0,0.04,41.177615,-8.606161,80.29,8,2.29,85.67
2025-07-24T18:38:31.535357+01:00,31.937159317923943,1001.1496401229044,32.99435958266258,1001.3529401667325,-0.00037501144444105353,-3,0.0,63,Este-Nordeste,0.0,0.0,0.0,0.0,0.0,0.0002,32.32,35.03,509.0,0.1,41.177007,-8.606492,41.18,3,5.96,199.96
2025-07-24T18:39:32.844682+01:00,31.564514617086388,1001.0911961343455,32.07822456210852,1001.3423136504302,-0.000500015259254738,-4,0.0,74,Este-Nordeste,99999.0,99999.0,99999.0,99999.0,99999.0,99999.0,99999.0,99999.0,99999.0,99999.0,99999.0,99999.0,99999.0,99999,99999.0,99999.0
2025-07-24T18:49:47.819434+01:00,24.857189944479614,1005.3134074971324,24.440729042049497,1005.2937926065897,-0.0001250038148136845,-1,0.0,212,Sul-Sudoeste,99999.0,99999.0,99999.0,99999.0,99999.0,99999.0,99999.0,99999.0,99999.0,99999.0,99999.0,99999.0,99999.0,99999,99999.0,99999.0
